,score,group,uuid,fairScore
0,5.364296761757883,1,088a7fe3-1c8f-4eee-af39-0541b54e262e,4.667176769553284
1,4.489940712813433,2,3d7452eb-c17e-4ea1-943a-c5f2340c6f00,4.116348703679795
2,4.451771572439142,0,ad2ac131-949d-4765-9a2f-91981d2f6551,4.808704565646622
3,4.391690518146273,3,e39e5656-f6c5-4ebf-a29c-f94a7f46d485,3.4176146144468613
4,4.388863174414843,3,f6977c33-78d6-4f9a-b23c-3bf192cbaff3,3.4176146144468613
5,4.102948039574076,2,8d45b3c0-c486-4616-a71e-6a71c3827eba,3.3118837428042074
6,4.0820963795547875,4,ba2c355e-a193-440a-b782-3267f3416c51,3.8053334986469562
7,3.9813722591226246,3,c705266e-2348-4dca-a31b-57579072726e,1.8490520005294078
8,3.9495646421440473,0,934442f6-8375-4a8f-a33e-434b831d7d50,4.427601991885988
9,3.9096284119376112,2,bb3852e8-a04a-4903-9550-6e1bbafd2e63,2.437976253811521
10,3.86085673257046,0,d9956c39-2cba-4a7a-b6b4-a14d177e4436,4.221964055610485
11,3.814912396934736,0,d4883d8a-a2a5-4bf5-9194-56b3068a3ba1,4.067959424068341
12,3.7187827100661472,2,354e55e4-0c31-43f5-a38f-c50fc862c1d8,2.024313559891841
13,3.42756630572895,1,adb9b1cb-4a85-437b-b1b8-e6e5fab04906,3.9092593168596306
14,3.3582963843089373,0,231b262e-6184-4c32-914b-8d01ca84cdbe,3.9431607213801207
15,3.3247216774982165,0,a3829139-3727-4413-90f4-d74fb4f0c1f3,3.727061825985823
16,3.3059905252774984,0,7953f0c6-555b-42e9-ae7a-50d887f2977d,3.727061825985823
17,3.290793552721067,1,4900fa6b-672e-4bc3-81f6-0a4863604811,3.6542069803987105
18,3.2271783187639125,0,e98a0d3f-80ab-4a40-831e-c05ae4f098a6,3.727061825985823
19,3.1660370105717583,0,450147a1-c81b-426f-a91a-fae2d91137d8,3.5102422610621447
20,3.1529605458138987,0,3dd1711f-35d7-4ada-bbc8-68749170276d,3.5102422610621447
21,3.086164550158886,0,b3d43d05-3275-46c6-8d46-451e277ef0d4,3.3278392124695397
22,3.063545800307453,0,c4df13ac-a55e-4950-b8d9-0888e5310e28,3.3278392124695397
23,3.0282040036645896,0,25d1d19b-7ed0-4a37-bef8-66646421e558,3.3278392124695397
24,3.006292089746014,0,7d09aa80-bef0-41b8-bbd0-789a89393e11,3.1891979818370237
25,2.948331543251717,1,6b2216ce-1c10-4587-9b1c-e1148f50fd35,3.4645960604287334
26,2.9299538089974284,5,ee26f9f3-aea4-47df-942c-1a717c5d3a98,3.72953341552265
27,2.8479608407859844,0,8cbb29eb-57a6-40c5-88a0-b0f321309cd4,3.1257282493609706
28,2.7546584976488244,0,fc3e1d87-6237-4424-8fd4-6ba58f7575e9,2.995151501918308
29,2.7270918962673907,0,28103812-4486-4cf1-9707-13d944e36fdd,2.995151501918308
30,2.725678224401676,1,1a737380-e0f6-4eef-97ac-deeb376e00e9,3.183204347395151
31,2.692103517590956,0,3ca44eae-f747-4340-b84c-a5aa89a41dec,2.8959450483826155
32,2.6412113304252323,1,6cd75f8e-e67d-4dbd-8909-47ee522576f1,3.183204347395151
33,2.601275100218796,0,5b23946e-2cf0-4b99-9ece-630ef210490f,2.778067332237459
34,2.5514431669523576,0,e2921dde-d43c-46f6-ad6e-4f12cc91824d,2.778067332237459
35,2.5206958038730662,0,522c276d-8d07-4df3-868f-62071d256f8a,2.5770395809707978
36,2.492068948592346,0,aa30c71f-e42e-4197-a201-b20bc5e79c1e,2.5770395809707978
37,2.46520918314377,0,3f799185-3a93-4f28-9676-11b5522d5a3a,2.5770395809707978
38,2.44188359735948,5,2a3bd0f2-5d40-4d86-83f5-66c999fe59f3,3.069913301901144
39,2.431281058366621,0,55a13cf8-0a47-4d4f-87be-5e4b540384e0,2.5770395809707978
40,2.372613675939468,1,76a287e7-979f-4aa7-9d33-21982f1025d6,2.8937997871124193
41,2.3326774457330317,0,87d79982-3a75-427e-bf5b-048a9d84454a,2.4257282493609695
42,2.251744731420873,0,8a734cba-bc2b-4e5c-8700-d7ce0d7c25fd,2.351292254052336
43,2.2305396534351547,0,527230cb-cdfc-4056-8351-0c6abc3dc702,2.351292254052336
44,2.228772563603012,1,db8dfdea-703b-4d71-8665-41fbf409a1b8,2.6983827255316166
45,2.1891897513630045,0,6e7ba34c-7bbe-4cd5-9e78-9875b97e7d99,2.2567278495728287
46,2.169751763209429,0,e381774d-f5a5-4737-8314-be4248abf6a9,2.2567278495728287
47,2.130875786902279,2,e9fe227b-770a-43bf-9599-6ba3ccd87c05,1.7664307413043208
48,2.125221099439421,0,8ab07a9a-93e2-483f-aed8-f6e6431fb3dd,2.1187162593437527
49,2.122393755707992,0,962bca09-bdfa-4ab3-9aac-47ef94538573,2.1187162593437527
50,2.093413482460844,0,981e091a-315d-4fc9-9171-349d637ac962,2.1187162593437527
51,2.048175982757978,0,94f489a9-a288-43f5-9229-78e1292f7bbe,2.1187162593437527
52,2.041107623429405,0,b6b5922f-64b0-42d4-aa09-d5cc97d8f790,2.1187162593437527
53,2.0142478579808287,0,e90d4338-4eb1-447c-844c-0ab4d8150662,1.9804519375721825
54,2.0103602603501143,0,f8f9312a-fd33-412b-9b30-0de2d4a4cbb3,1.9804519375721825
55,1.9831470769351087,0,44dfd000-3245-47b1-9c01-6bef959dc3b8,1.9804519375721825
56,1.8997404368579505,0,d3da3f10-258f-42f0-a7d5-5cd4f7aa2668,1.891810478407013
57,1.8887844798986624,0,450c5442-c1c0-4976-a92f-b457b7aa26c5,1.891810478407013
58,1.8848968822679475,0,cfd3d7e6-ea02-4dcb-a0d6-20be8da90384,1.891810478407013
59,1.8527358473229416,1,ef0c20d0-b623-4792-88d6-ed736916242b,2.521711468646367
60,1.8357717849343669,5,a0891cf1-fb82-46f2-badb-5dbcb536ceaf,2.508894919540454
61,1.8106791093179335,0,79af4d5f-5ce8-4c35-b971-46e2d5f6368f,1.816386678500176
62,1.8064380937207902,1,760b25f6-d557-40be-ba6c-40fda004f9cf,2.3058883938071144
63,1.7947753008286451,0,8631b31f-ee2b-4b6e-a3c9-ce060fc9e8ad,1.816386678500176
64,1.785939851667929,1,02dea2aa-d604-4a86-aeaf-a27740ee88c0,2.3058883938071144
65,1.756606160454352,0,ec502df8-1938-4d66-9857-40d351814e7a,1.816386678500176
66,1.7223246177107745,1,93355b4c-ba4b-43d1-9ac2-20b67ee1a72d,2.0761731839270743
67,1.707127645154343,0,c691ce49-cbb4-4270-bd0b-afee0129f9ff,1.703694944507311
68,1.6986456139600556,1,4326276c-124f-4045-b024-7fae3385efba,2.0761731839270743
69,1.6986456139600556,0,e25d9863-c68b-4e5e-8dfc-9842ffb971a4,1.703694944507311
70,1.6678982508807645,0,299253a5-1c0b-41b3-afee-bf3990c95490,1.703694944507311
71,1.6601230556193345,0,cf6b46fa-b8de-447b-997c-ccaa76002b1b,1.703694944507311
72,1.6364440518686154,0,19913fb4-93ab-4e60-962d-3b032eda79ff,1.703694944507311
73,1.624074423043613,1,71fadba3-4aac-4065-9c89-9fa24bed6b45,1.8145047770126146
74,1.6201868254128982,2,cb956f53-efff-46c6-a838-d7a494cb1f4f,1.5096847113266445
75,1.6099377043864675,0,e72a6e6c-eaa0-4c94-8365-baea6b987005,1.5969821035995184
76,1.6056966887893238,0,6f204ba9-a252-49bb-846a-42c025b99e78,1.5969821035995184
77,1.5968612396286082,0,67be26d8-c052-4313-8bf5-127a78b6d740,1.5969821035995184
78,1.5869655365686062,1,d8719d3a-25ae-4ddd-a281-634a8ac8f302,1.8145047770126146
79,1.572475399945032,1,08f8a93f-f096-4135-bc44-b7414e49cba1,1.8145047770126146
80,1.5689412202807458,1,03e7f40f-df6b-4f0a-8a17-24fd11897254,1.8145047770126146
81,1.5618728609521733,1,dc4a214e-dc7a-40f1-b301-2686f5789ce0,1.8145047770126146
82,1.5491498141607418,0,e01dd5c3-b870-43b6-8c3a-c830b5c372d5,1.5969821035995184
83,1.531832333805739,0,9d042360-d314-46b9-bd61-99c76697941d,1.5969821035995184
84,1.5311254978728814,2,413b80a7-4259-4682-8bd0-839cd58170dd,1.5096847113266445
85,1.4971973730957322,0,c5de9d36-bf53-4f79-a6be-f07957a2040d,1.4793236499016356
86,1.4950768652971604,0,1dbc6bb2-1e4e-4d40-a6c9-537b7780e84f,1.4793236499016356
87,1.4904824317335883,4,bc33a1e8-4b2d-46f8-95fe-1314c9280be1,1.893173334582828
88,1.4802333107071577,1,63283660-59b0-4068-ae70-48dd757386fa,1.6069358401432718
89,1.4788196388414432,0,46906a8c-08ca-4912-9e88-091374eeeebd,1.4793236499016356
90,1.4752854591771567,4,1b6750fd-b6f1-4e82-8372-a96ac67b0f6c,1.893173334582828
91,1.474932041210728,1,5d46485f-29e9-45b1-8ff8-d2170eb9abdd,1.6069358401432718
92,1.467156845949298,0,f96602eb-eb93-49e1-93ce-ac6f4f8e6ed4,1.4793236499016356
93,1.456554306956439,0,ca729727-029d-45fb-b61c-54f909b7fb0d,1.4793236499016356
94,1.4477188577957232,0,d7097826-f521-4c58-83db-d7f53b43e6b5,1.4793236499016356
95,1.4364094828700065,0,ac69d259-7bc6-4d3c-a3bb-53e1de57da0e,1.4793236499016356
96,1.4215659282800035,2,3a3096c8-1886-4f33-8348-21f4a3a20a7b,1.2389089338770027
97,1.4109633892871447,0,2a7263ce-1cd1-4c45-873e-c18570d3e1ec,1.3672927675295496
98,1.4106099713207159,0,915ff2ac-0de1-45d7-80f2-98fa4ff079f5,1.3672927675295496
99,1.3936459089321414,0,bf636c33-c18d-480d-8777-308ea1ca7764,1.3672927675295496
100,1.38622413163714,1,78bdfe9a-4c6e-4302-ad3c-6fc7f50ed11d,1.5257282493609687
101,1.3830433699392823,0,95fd2f67-77d2-4766-8f86-356d44c5ed97,1.3672927675295496
102,1.3685532333157082,2,d54f1a2e-aec0-41e8-b6ce-e8232638ee47,1.2389089338770027
103,1.3664327255171362,5,6b11f5d3-aff6-4143-87bc-afddd9d3e1ee,2.0826877686134275
104,1.337452452269988,0,cd56b79c-fd80-4695-a51b-98e896be911f,1.3672927675295496
105,1.3264964953107004,0,4525e2e9-b845-45f5-aef1-280e6134c7f0,1.3672927675295496
106,1.3070585071571252,0,64d3bc33-9cb1-472f-bc3a-baddb74f5811,1.2658100798284737
107,1.3042311634256962,0,d92690c5-3482-46c2-a2e8-3b85a3630126,1.2658100798284737
108,1.2823192495071205,0,3ca5f01b-268b-4052-8255-874812888966,1.2658100798284737
109,1.2734838003464046,2,b78acb9c-d0fe-4d42-8e35-31910957935d,0.9531204865695929
110,1.2724235464471187,2,6a153fff-8625-4a8d-80ab-014f69f211d8,0.9531204865695929
111,1.2618210074542595,0,9f8ad9a3-70f1-4839-988f-2d7581fa36f8,1.2658100798284737
112,1.2614675894878309,0,96ec3458-159f-4158-9722-23f19704eae1,1.2658100798284737
113,1.24096934743497,1,c7258bf6-1ae5-4494-a85c-ba959ff41839,1.487502066701572
114,1.231073644374968,2,d375a7a5-12d3-4d86-9145-3869a2153960,0.9531204865695929
115,1.2289531365763964,0,b3a5acfa-196b-4471-b6f7-2045ca46bc55,1.2658100798284737
116,1.2271860467442532,0,979d87bc-8b6d-4a28-a394-8c684fe3808a,1.2658100798284737
117,1.2141095819863936,0,59729651-8b82-40e9-85a2-c553bda0a8c0,1.1796239395344967
118,1.1861895626385313,0,b2c63c9f-1210-41bb-9426-b609a2694368,1.1796239395344967
119,1.1812417111085305,2,36672e5f-c81f-4dea-8ce3-38c7f6446e56,0.6889716300754494
120,1.1716994260149571,0,8a80bb80-b4e9-41c9-adbc-0e4afc757373,1.1796239395344967
121,1.1685186643170993,0,c25a09f7-5bb4-4fe9-bd49-cdcaf0bdb30e,1.1796239395344967
122,1.1653379026192416,3,b7d81d43-a934-4616-8649-0c30df56376d,1.5682222598549533
123,1.16321739482067,0,c85b66aa-c781-491a-953e-5e328523e520,1.1796239395344967
124,1.1282290161442348,2,667378a4-8063-40ca-a7bf-5cb665750f02,0.6889716300754494
125,1.1254016724128055,0,7066ecad-d8df-45e6-a7f4-26de8d94c36a,1.0408967436389345
126,1.1246948364799485,0,4fc2a21b-5197-4538-8650-74eb84c8223d,1.0408967436389345
127,1.121160656815662,4,daad8fe2-1117-41a1-9c9c-d866d7558d61,1.3468895554345401
128,1.113385461554232,1,86d791b3-0ad8-47a7-a57e-681729440808,1.4257282493609684
129,1.1070239381585163,0,8f1d3d15-0814-48bd-b5da-778c387eca7c,1.0408967436389345
130,1.0911201296692277,0,ca0d8741-0526-439c-ba4e-0c0b69c95bd2,1.0408967436389345
131,1.0911201296692277,0,d13cefa4-acad-412d-8a86-022591eb76a4,1.0408967436389345
132,1.090766711702799,0,80208bbf-93aa-4cc4-adad-2badf56e8938,1.0408967436389345
133,1.0794573367770828,0,fe3142df-1738-4400-b558-b8e35443795b,1.0408967436389345
134,1.0766299930456535,0,8550027d-5407-43da-81fc-ea6fc9511d84,1.0408967436389345
135,1.0755697391463677,0,573482ee-8f12-4ad0-b435-f28627c229d1,1.0408967436389345
136,1.0745094852470818,0,20f7f88c-c003-4d8f-aead-744dcb806428,1.0408967436389345
137,1.073449231347796,0,efe38f4b-74b8-4226-b88d-a8cf377ceae2,1.0408967436389345
138,1.055071497093507,0,5eb9e52f-8a3c-41be-88f5-e874ff7ee8e5,1.0408967436389345
139,1.0533044072613635,0,4a1a8ee1-0082-447a-a9ce-52215914bcf6,1.0408967436389345
140,1.0494168096306489,5,b1a15ea6-8787-42ea-a3ce-33d6d3233dcf,1.7897083182900213
141,1.0349266730070743,0,3357fc0a-6d7d-413a-b920-eee8cc7cbd87,1.0408967436389345
142,1.0331595831749312,0,557f4b5c-7770-4c6c-b56d-1123fbd93e87,1.0408967436389345
143,1.0306856574099308,0,d894a9c9-f915-4730-b797-36c9be07bf70,1.0408967436389345
144,1.0243241340142153,4,d477af55-4c12-424f-beee-6d0cd5e5af72,1.104303454835414
145,1.0165489387527853,0,18e0f0cd-c6b9-4580-b5db-2ec1f5053889,0.9117696645917189
146,1.0116010872227843,0,620de5f8-9a04-476c-92ce-63f2e39ac737,0.9117696645917189
147,0.9886289194049228,0,c86fe8f3-4c0f-47fd-a169-a43be07bcb27,0.9117696645917189
148,0.987568665505637,0,5cb98a38-c05d-4c3c-a8c0-0bd5203bc18f,0.9117696645917189
149,0.9695443492177764,0,845284b4-6b3d-4d26-b86c-1b86219e12d6,0.9117696645917189
150,0.9561144664934884,5,2b274345-d8e4-4b15-9749-afcea74869df,1.5613991296001843
151,0.955407630560631,1,b1dc3ea1-13ce-4f60-ac31-4eda58aedee9,1.3611356266516415
152,0.9543473766613452,0,0919a7f8-d15a-495d-8e0a-96b4d2ddc973,0.9117696645917189
153,0.95045977903063,0,ed45d67d-6ec2-49ad-a750-784241b5c364,0.9117696645917189
154,0.943744837668486,1,ecba128e-7bae-460d-bb38-920c71b0c828,1.3611356266516415
155,0.9158248183206236,0,60ee3acc-7537-4bb6-8229-ca18888d74f2,0.8211586021514159
156,0.9154714003541948,0,e2be386f-dd94-42d9-b23b-1fbec70fe000,0.8211586021514159
157,0.9133508925556232,0,055eb515-b0d7-40c0-b4c1-f29811369273,0.8211586021514159
158,0.8985073379656203,0,a0bf55a4-b46d-4445-a4ea-5b04690c0451,0.8211586021514159
159,0.8949731583013341,0,26fc9078-6bc0-48f6-b37d-add3a6867b9e,0.8211586021514159
160,0.8903787247377617,0,4b948b7f-ef7c-48c3-ba06-15e904263c8a,0.8211586021514159
161,0.8857842911741894,1,b5c5c9cf-4211-49ac-8f22-e36fa1f300e6,1.2701772566785139
162,0.8776556779463308,0,c5c65690-2df5-4ea8-bec1-80064e34f9fa,0.8211586021514159
163,0.8737680803156158,1,8eb1674f-88ab-4a76-a319-abe33fa0c066,1.2701772566785139
164,0.8670531389534717,0,a4c0e79b-88af-4c6f-a9e9-6747a2f61046,0.8211586021514159
165,0.8387797016391807,0,af4eb616-3895-4ee3-a815-4a9df04e36c8,0.8211586021514159
166,0.7914216941377432,0,e260ee36-c570-46b1-810d-5f6bfe2f8c42,0.725728249360968
167,0.7907148582048861,0,a8ae0db5-c784-4114-9329-37826702a02c,0.725728249360968
168,0.7903614402384573,0,cee2739f-e332-40b8-a6ee-158df767839c,0.725728249360968
169,0.7631482568234522,1,3f3fe241-a1b8-42fe-80b0-e7dab4d2d26e,1.2257282493609682
170,0.7539593896963077,0,49e6644f-07da-46b1-a15a-cc6dbab3d2b1,0.725728249360968
171,0.7465376124013063,0,f88550da-cec0-4bde-9bcc-45761fd799eb,0.725728249360968
172,0.7228586086505876,1,000c52b2-541d-4969-af7c-900934aa99b3,1.119958553414442
173,0.7164970852548721,0,73cf4592-8e48-4e5c-a942-92948c9817e1,0.6771315205719852
174,0.7150834133891576,0,dd47f76d-33ba-4e49-af27-03cf7d62657b,0.6771315205719852
175,0.6974125150677257,0,ebde11a9-625b-4c9a-a584-2479e5bb0435,0.6771315205719852
176,0.6956454252355825,0,8f9c657c-6a9f-4d7b-8dc0-d42941ddf4d1,0.6771315205719852
177,0.6797416167462939,0,6dabc1c6-e652-4a3e-be28-7a7f4e2839a8,0.6771315205719852
178,0.6790347808134366,0,8ba2ce9b-cfd5-4567-91b9-3b97198c960a,0.6771315205719852
179,0.665958316055577,0,b58b70f6-54bd-4ed3-9833-b88a360224f7,0.6771315205719852
180,0.6645446441898624,0,c1aea843-318b-45d7-b6b4-b80d7dbb8194,0.6771315205719852
181,0.6539421051970032,1,d7bf6291-962c-4cf3-a82b-017f749aac12,1.119958553414442
182,0.6535886872305746,0,d6f5699e-6fc3-4244-85c8-d10ad3e9b608,0.6771315205719852
183,0.6525284333312887,4,35747be6-b807-4c8c-98ff-636442727017,0.8907147131543987
184,0.6468737458684305,0,f0ddcac5-109d-48e4-8a53-e7377869a3c9,0.6771315205719852
185,0.6419258943384296,1,e374b386-9dd2-457f-a1ea-2d656ac36498,1.119958553414442
186,0.6242549960169977,4,41132fd6-382c-4d82-8b7a-7db7b4b8031d,0.7095765657107236
187,0.6108251132927095,1,742af1a6-7273-459f-8fe7-9c68f01eede9,1.0038980999767126
188,0.5935076329377063,0,f66ccb25-e335-4e25-afae-0c7e2a278f04,0.6245617857766603
189,0.5652341956234153,2,558d5c69-eb99-4079-bd2a-490c3878aa3f,0.521961062758419
190,0.5634671057912721,0,af3b72b6-495a-4699-85d7-482e09330b72,0.6245617857766603
191,0.5521577308655558,0,ea47fea4-da32-443e-a395-8a9dc57633a4,0.6245617857766603
192,0.5468564613691261,2,15c917c8-8f52-4d2f-ad61-c748d70ab0b6,0.521961062758419
193,0.5468564613691261,0,e52735f5-1631-4377-8b90-5df59a1a04a6,0.6245617857766603
194,0.5465030434026975,1,625513c9-0f0d-4ffc-8782-14255cb11b19,1.0038980999767126
195,0.545089371536983,0,56685933-1ea7-414f-8aae-fc10495fb6aa,0.6245617857766603
196,0.5429688637384111,1,f92a80d1-7af0-461c-949f-a0a21e5a4f1a,1.0038980999767126
197,0.5288321450812656,0,8dc8d1df-c4bf-4c71-b692-fa83a93a54e7,0.6245617857766603
198,0.5263582193162651,0,6db8d673-5ea9-425c-9648-d17002b96ad9,0.6245617857766603
199,0.5178761881219779,1,bb33af4d-b73f-417f-a22b-c288af26a1e4,0.904677113881049
200,0.5097475748941193,0,a27c6641-a2d1-45e2-b106-13fce637d6fd,0.5257282493609678
201,0.504092887431261,0,564eca69-3949-4b26-a2d0-9190077cd9a9,0.5257282493609678
202,0.504092887431261,0,bda8bd13-9204-4048-8d0d-e66714134f22,0.5257282493609678
203,0.4977313640355456,0,25874c14-cf85-46f0-b13a-f0937ede8b58,0.5257282493609678
204,0.4913698406398301,5,ba501e7b-a0f6-4ec7-bc4d-80162e1be28e,1.37751098576959
205,0.4864219891098291,0,5633780c-b382-4633-a963-04026a8cf658,0.5257282493609678
206,0.480767301646971,0,1a89f68b-9681-4d18-8683-d90f42ea6a2c,0.5257282493609678
207,0.4744057782512554,0,e3cb6e34-844b-46a5-b139-080105be975d,0.5257282493609678
208,0.4683976728219687,0,5dbaf62e-3d63-44ba-a68a-72abedd874eb,0.5257282493609678
209,0.4666305829898255,1,bbffc614-1d4f-4492-8494-c2353a72a99a,0.904677113881049
210,0.4662771650233968,2,4fd156ef-23c7-4318-a600-6f90ac40bd42,0.38129526708860806
211,0.4659237470569682,0,7dfb5652-fc2d-41a2-903e-18f1651ad118,0.5257282493609678
212,0.4648634931576823,0,a4167aa1-6b87-4677-93a0-068cdb214d53,0.5257282493609678
213,0.4471925948362504,1,653b78e1-2347-4ba2-bfc1-64864ee8a710,0.904677113881049
214,0.4440118331383927,0,f9c1ca33-8b1e-4cfd-97d8-c5ce19813e5d,0.5257282493609678
215,0.4433049972055354,2,24b993cb-2ef2-47d6-89c7-9c9fcf2e47bc,0.38129526708860806
216,0.4305819504141045,0,f8183103-9015-41a2-b6a4-b0477eda4cd3,0.5257282493609678
217,0.4252806809176749,0,1d853aa0-5852-4a47-a535-c14aef9dc5a4,0.4377069536334797
218,0.4231601731191031,0,3988d601-d20e-4414-a14b-412960b44c9f,0.4377069536334797
219,0.4220999192198172,1,59ff4956-a8ea-46e1-a704-15dfe63ae499,0.7722755378093493
220,0.41185079819338666,0,f156737e-f9e3-4733-af3e-dad66bd27cbd,0.4377069536334797
221,0.3952401537712407,0,8d4471ac-00ae-4ea6-8bd4-0ccf284905f3,0.4377069536334797
222,0.3899388842748112,0,c95964df-9f9d-4b87-8686-e964f0e7636c,0.4377069536334797
223,0.3821636890133811,1,bd7b66bb-3129-48ed-9505-d691ff95fe14,0.7722755378093493
224,0.3747419117183797,1,6eebf2be-6065-48b4-80ed-d115e1bab8ab,0.7722755378093493
225,0.36166544696052016,0,7e8da53a-bb0a-4e57-bad0-374e8a457059,0.4377069536334797
226,0.3602517750948056,5,4c128827-61a2-49fe-86f2-9f2c995796eb,1.2247146305592433
227,0.3591915211955197,1,9f60f760-8b43-404f-80b5-51115cff34e3,0.7722755378093493
228,0.3556573415312333,0,5223ad03-1d68-4b36-b65f-d4fc592c431a,0.4377069536334797
229,0.3531834157662329,1,97e2331b-50bc-4313-877e-97dbad2dc71f,0.7722755378093493
230,0.3475287283033747,0,6481838b-abff-4b14-b0c0-e362c7eab1b7,0.4377069536334797
231,0.34328771270623104,0,482e3c51-3c30-42cc-a870-3a54aca546b5,0.4377069536334797
232,0.3383398611762301,1,e01592fb-85e8-4c14-bbe9-15539837566c,0.7722755378093493
233,0.33692618931051554,0,cb120b50-dee1-495e-b12f-ed75cdb9584e,0.4377069536334797
234,0.3174882011569405,0,80f349c2-5e1b-4840-b983-b67bc60669a8,0.358700157145016
235,0.3136006035262255,0,a36e9d15-50b2-4faa-9202-ed1603b7bb56,0.358700157145016
236,0.3107732597947964,0,ca2e5a50-8f48-4417-ae8d-837b83ab0f37,0.358700157145016
237,0.30971300589551043,0,3d075372-7308-44c9-9fea-11a0f8e49d0b,0.358700157145016
238,0.30653224419765274,0,05c3b8b7-038c-4394-ac1f-dcfc5ce9d311,0.358700157145016
239,0.2976967950369368,1,c904be57-c67b-4924-9f6d-330239be3618,0.6395533718557713
240,0.2973433770705081,3,22e61188-dba0-4bd9-888d-32009504d80a,1.1597266851500645
241,0.2786122248497904,0,02ce8cba-b258-461d-8165-6ee33eeb31a0,0.358700157145016
242,0.2786122248497904,0,b4d3d1f9-3c8a-462c-b08b-076da1266bc3,0.358700157145016
243,0.2726041194205035,0,5ae41bb4-dc84-4de3-8192-707358506e61,0.358700157145016
244,0.2648289241590735,0,3a595892-458b-46dc-b902-2862bdff9ae4,0.358700157145016
245,0.2612947444947871,0,53d91345-2f53-43ab-a21c-c803fede87d3,0.358700157145016
246,0.25952765466264394,0,dfebceb0-11f0-4aa8-80d4-c876d9fb3fe7,0.358700157145016
247,0.2584674007633581,1,835de670-6642-4959-9ab9-71ba17e047ce,0.6395533718557713
248,0.2513990414347853,0,5fe3e85b-b6c3-4247-b323-687349bf15a0,0.358700157145016
249,0.2489251156697848,0,4c614f29-2109-4bda-a274-dc815de7f685,0.358700157145016
250,0.2478648617704989,1,4097d493-5fd3-487a-91ef-a946b7644a6d,0.6395533718557713
251,0.246804607871213,0,94130392-afe7-4883-882e-a3c2b845a2d1,0.358700157145016
252,0.2443306821062125,1,f3383728-3235-4691-92c7-e26b77bfcd5b,0.6395533718557713
253,0.2439772641397839,3,add417e0-e750-41de-b730-7799d18b9807,1.1597266851500645
254,0.2422101743076407,0,dc3c74aa-a683-400c-9bf5-72178d4f195d,0.358700157145016
255,0.2400896665090689,1,491057b4-4651-456f-b141-989d9b84a739,0.6395533718557713
256,0.2354952329454966,0,764f4a6d-bd61-4143-a893-b21d67642897,0.358700157145016
257,0.235141814979068,0,30f87e75-9935-43e7-af35-0d9f133846f5,0.358700157145016
258,0.23196105328121025,3,6cc69d52-0796-44e4-97f1-bcaad4a4740e,1.1597266851500645
259,0.2316076353147816,0,d24dddaa-c1aa-4808-91b7-6c3fac6d7816,0.358700157145016
260,0.22913370954978116,0,c5735245-dc0b-478a-bf22-f1ac37dd502f,0.358700157145016
261,0.2195914244562079,0,d2b731e2-378a-4053-8e5b-268a4b2450c7,0.25504006335192636
262,0.214643572926207,0,93ee94f0-8ded-41b5-829b-cdcf589c6472,0.25504006335192636
263,0.21181622919477788,0,a371c8d6-3f1b-4dde-9b2a-3b3330e93252,0.25504006335192636
264,0.21146281122834928,1,87d2424a-3081-4485-b9d6-51dc8ce1d2fc,0.5015447806049415
265,0.2100491393626347,4,f019d679-6cc0-4f22-a5bd-02bb32af6992,0.43303982909160726
266,0.20934230342977744,0,f2537530-97a7-4885-919d-106a70d23e4e,0.25504006335192636
267,0.2089888854633488,0,ae00b24a-58f5-49d6-a8b3-159e938616e2,0.25504006335192636
268,0.20404103393334788,1,ab5ac305-7966-4888-8bfe-c9671f59a5bd,0.5015447806049415
269,0.20262736206763327,0,6aec08ac-29fc-4df3-96b1-4bf4925bcc6e,0.25504006335192636
270,0.2005068542690615,3,7339bed6-58bc-450f-b418-6499d512e1ab,0.7865484543370294
271,0.1934384949404888,2,79ce2299-8915-4e32-800a-537e4229ca59,0.3082994714435767
272,0.1930850769740601,1,28a9b043-b791-4d44-a670-0ab5de6e3237,0.5015447806049415
273,0.18743038951120192,5,71f1c2b6-72e7-426a-8b76-95d639a5bf40,0.9039792497112031
274,0.17859494035048598,0,8cd11e12-4987-4278-852a-09872ef05d74,0.25504006335192636
275,0.17718126848477142,0,a8b5dbfd-917a-45fe-8d98-4888dec4deba,0.25504006335192636
276,0.17329367085405642,0,028d45b5-21ce-46e7-ad95-3b05b5cb26d5,0.25504006335192636
277,0.1722334169547705,4,028643a0-8850-4c30-a72a-decd93e93079,0.43303982909160726
278,0.17187999898834186,5,ebb8f877-97ae-45fa-acf2-c4aff48a6389,0.9039792497112031
279,0.1694060732233414,1,4394dec9-b6d9-4bd2-85fd-3e04b1073042,0.5015447806049415
280,0.16021720609619686,0,17ee747e-e711-4ca1-9e92-bde1f08800cd,0.25504006335192636
281,0.13971896404333586,0,8d8bf141-e266-4e87-9ed0-b38e83b6f0dc,0.25504006335192636
282,0.13759845624476405,1,a7412bef-59d7-4c87-99be-95195a083f4e,0.5015447806049415
283,0.13689162031190674,0,11bf9284-8292-4c34-9d7a-2e30bdb67769,0.25504006335192636
284,0.1344176945469063,0,9e27292c-8d8a-4a4e-8ab2-f646b7a856e0,0.25504006335192636
285,0.1315903508154772,5,4eb10222-ade1-4ee9-8c8a-16c5e2ab6bf0,0.9039792497112031
286,0.13017667894976265,0,bb2f3fbe-c595-4a74-8dd6-3abd6caacf25,0.25504006335192636
287,0.12911642505047674,1,9e55c893-a6ab-4abf-85cc-3815877161b7,0.5015447806049415
288,0.12770275318476218,5,67ec5fdc-5555-45b0-aa74-114275c0f052,0.9039792497112031
289,0.12770275318476218,0,8031d6b3-5c00-479f-a792-e693bae7d3ab,0.25504006335192636
290,0.12770275318476218,1,c0f937aa-674b-4e2f-901c-07b71bc25c59,0.5015447806049415
291,0.12699591725190493,4,029f11b9-f844-430d-bd51-7819c78b9e94,0.43303982909160726
292,0.12416857352047582,0,532bb4a2-0518-4b29-86a3-666794085b2c,0.15523925175138215
293,0.12381515555404718,3,cc4c9a3e-c639-4bda-92e2-8dbff8a21b38,0.6039802295403001
294,0.11957413995690352,1,352450d9-de91-4ced-bc43-7315163940a2,0.3689015412177438
295,0.11922072199047487,0,056daeab-c542-4ac5-a263-4a6210a820e6,0.15523925175138215
296,0.11922072199047487,0,d8da5a4c-3cde-41bf-8844-305955b1f3bb,0.15523925175138215
297,0.1174536321583317,0,45839ac3-987c-4a72-9aa9-4516694455c8,0.15523925175138215
298,0.11533312435975987,1,ae7b5ae4-ddac-4a13-b081-9e01b29f3679,0.3689015412177438
299,0.1135660345276167,0,b9593cb9-8a3d-4d55-b9bb-566e9732aaa7,0.15523925175138215
300,0.11038527282975896,0,094932ac-d9f9-4a60-90c1-fcd26814193d,0.15523925175138215
301,0.11038527282975896,1,7dc9f45e-e3e6-4543-8ae0-333afe834387,0.3689015412177438
302,0.10861818299761578,0,fa978e60-6aa8-4b3f-81f4-1fb26197a1d7,0.15523925175138215
303,0.10296349553475756,5,cb06b514-44a0-4fda-95a6-cb2510116c59,0.5574501820584288
304,0.10261007756832892,0,d19992d5-5651-477d-8636-5bc21f1031eb,0.15523925175138215
305,0.1022566596019003,4,0c9fb08a-c51a-4688-8b75-26c7b752498d,0.20691972193014604
306,0.09978273383689984,0,e2c5b173-ca47-4c43-8d32-7f705acc9a08,0.15523925175138215
307,0.09907589790404256,0,44fa374d-de39-47ad-aed0-ca71944cef58,0.15523925175138215
308,0.097662226038328,0,cd4dd00e-4979-4260-8d3c-c599f2795352,0.15523925175138215
309,0.09730880807189936,0,0cba7ae9-aee2-4f15-b419-d837e1d9e6e6,0.15523925175138215
310,0.08599943314618297,0,3020039f-f138-467a-9bb7-60229fa62cea,0.15523925175138215
311,0.08564601517975434,0,adba3f00-f060-4d06-a1e6-c152c40cbf2d,0.15523925175138215
312,0.0824652534818966,1,509cf467-cb95-4d35-880d-2f91f05572e0,0.3689015412177438
313,0.08211183551546798,0,56304f8f-9019-4847-9feb-2659d751cefc,0.15523925175138215
314,0.08069816364975341,0,cb5e9e8c-d140-4f31-8e6f-1786780419c6,0.15523925175138215
315,0.0768105660190384,5,0e16efd0-a10e-456d-9f58-7e30ae05d97a,0.5574501820584288
316,0.07645714805260978,1,c65bf9a3-0132-45de-99c3-35c111be1cd7,0.3689015412177438
317,0.07362980432118066,0,b3013cca-ee65-468f-b7be-f72e817f6779,0.15523925175138215
318,0.06691486295903655,0,731ccb82-b449-48a9-8b3f-467732fa9796,0.15523925175138215
319,0.06267384736189291,5,82471402-511a-417f-826d-03aa922074c5,0.5574501820584288
320,0.057725995831891974,1,411ffd99-d187-436f-9296-9f2be130c301,0.3689015412177438
321,0.056665741932606074,0,bb990174-682b-4ce0-9dbd-385a5a289ba4,0.15523925175138215
322,0.0559589059997488,2,b58c8b09-ed32-4877-96d6-3b6902a1eac3,0.21563579263650154
323,0.05242472633546242,0,ef5fa8db-107d-455e-a8a6-bacf215c4fc4,0.15523925175138215
324,0.051717890402605146,0,e1773151-b23e-4c30-b0a7-c2f9f90912ce,0.15523925175138215
325,0.049243964637604686,0,13ab29a9-86b8-4461-80fe-c47f6f66a844,0.15523925175138215
326,0.049243964637604686,2,e92ef4bc-672b-449a-9934-49d468c39479,0.21563579263650154
327,0.04252902327546057,0,552256d8-1459-4dd9-9457-99f8b94a0311,0.15523925175138215
328,0.03970167954403148,0,26b91910-edd6-4f1b-822d-1010c1855f2c,0.15523925175138215
329,0.037227753779031016,0,14b3cf20-d685-4992-b72a-9c6413541098,0.15523925175138215
330,0.03546066394688783,0,a0616477-23c4-4f4e-9fbb-654dc723325d,0.15523925175138215
331,0.033693574114744634,0,6dac10c6-dc00-43c6-9b63-1f6d77e710dc,0.15523925175138215
332,0.031573066316172814,1,2fbd2908-cddb-400d-86a7-e52ef2d40439,0.3689015412177438
333,0.031573066316172814,3,72f15f62-70f6-46eb-99a0-bd8f44ae294e,0.6039802295403001
334,0.031573066316172814,1,b2a9b577-9a18-4c1e-bfde-e6cc8d3ddbe0,0.3689015412177438
335,0.029805976484029623,0,7429500e-ca92-4421-a87c-526eec1053ed,0.15523925175138215
336,0.029099140551172357,1,e56bf2b5-a63f-4008-a433-4f9bdffc5cc7,0.3689015412177438
337,0.02733205071902917,0,030f4e16-d1ed-421e-935a-a6aec01e9de5,0.15523925175138215
338,0.02697863275260053,0,f6598c8b-213e-4987-a091-7c2077958c3a,0.15523925175138215
339,0.022030781222599605,0,ca6bd9aa-5efb-48a6-b2ea-794c5fba1c80,0.03005323779014906
340,0.017436347659027317,0,fadbbdb5-38ff-47a9-b510-dab453705ee7,0.03005323779014906
341,0.0008257032368813593,0,4cd7b811-6dbd-46ea-a689-1fa5c4c5f47d,0.03005323779014906
342,-0.003061894393833652,0,4ab45154-9db1-4b1d-9886-04d973cb8340,0.03005323779014906
343,-0.011190507621692313,1,e2c0fe74-7f47-4b2a-bf99-024da04ce872,0.24771837581910602
344,-0.012250761520978223,0,fcada68f-28e0-4513-89f9-618df2afc1c9,0.03005323779014906
345,-0.013311015420264137,5,6af36756-ac64-4bcb-961b-b8ac54ba605c,0.3848723750752272
346,-0.017905448983836426,0,bdaade42-a952-4f8a-9bb4-1ab3ac7ea191,0.03005323779014906
347,-0.02249988254740871,0,06fb846f-3da1-477f-914e-442165f35518,0.03005323779014906
348,-0.03062849577526737,1,b75785f8-fb38-49f9-8835-28aa118aa499,0.24771837581910602
349,-0.03168874967455328,1,66b77f16-127e-4e76-bf3c-ca81d11f3319,0.24771837581910602
350,-0.032395585607410564,1,2aeefcd0-7cf1-4930-aa81-ae94f8eb381d,0.24771837581910602
351,-0.03310242154026783,5,d2032a0c-fa85-450b-b308-eff21a9a8edb,0.3848723750752272
352,-0.03875710900312603,0,548bc7f0-3e85-479c-a468-952fa2dc50c8,0.03005323779014906
353,-0.039817362902411946,0,a5c20400-1538-4b31-af13-1cf8230cebcc,0.03005323779014906
354,-0.04264470663384104,0,87715163-1a2a-4975-9708-7bb374fc1024,0.03005323779014906
355,-0.04335154256669832,3,67410a4f-0d29-475a-a94d-ceb59643ad68,0.4121530508599169
356,-0.05254040969384289,1,6871594f-bec2-4f4a-af94-d5ec53c88e26,0.24771837581910602
357,-0.055721171391700616,0,9364472e-8680-4536-be81-a671e6350d02,0.03005323779014906
358,-0.05607458935812926,0,b95edb2c-8e9e-4d01-9da3-3c6f293c1520,0.03005323779014906
359,-0.05784167919027245,1,51998766-25cc-4325-b0e4-14a1ed4e2d27,0.24771837581910602
360,-0.059255351055987004,0,84a8a985-87ca-466d-90b3-2ae41dee4f8e,0.03005323779014906
361,-0.06066902292170155,0,3ed121a0-2793-4fef-9b0e-1d064ef3bff1,0.03005323779014906
362,-0.063142948686702,3,d4b96c37-0af4-40bf-ad97-b3b3e69afc07,0.4121530508599169
363,-0.06384978461955929,0,0473f236-78d8-494a-bea1-143c2e0098f0,0.03005323779014906
364,-0.06526345648527382,0,ac05f200-1875-441b-8c99-486c0f2a0995,0.03005323779014906
365,-0.06597029241813111,0,e14e9497-9958-438a-bf00-7504a3c6c6d4,0.03005323779014906
366,-0.06915105411598885,2,3d6e49d2-7ecc-4431-9cfe-6257e3eb6e5a,0.1257282493609675
367,-0.07021130801527475,0,4e079fda-5e34-4c86-9c27-54d52d5ea6ba,0.03005323779014906
368,-0.07303865174670386,0,44d86427-b75c-451d-9ca7-35680c908cca,0.03005323779014906
369,-0.0733920697131325,0,fbd58b80-9443-4e6e-96eb-959f8bf2fa1f,0.03005323779014906
370,-0.07515915954527569,0,76e17c5c-dfea-47a5-95cb-a6521a1c76e9,-0.04752328791456527
371,-0.07692624937741888,3,717e3d21-e02f-4cf9-9b3f-4d9b80f922df,0.23466511079521418
372,-0.07904675717599069,2,32c23f80-0724-4d0c-84b1-7986d5b2789b,0.043806157938057366
373,-0.08010701107527661,1,f2ba5e08-3a08-4447-b846-7906c8ce6217,0.13531311342455993
374,-0.08611511650456344,0,2e99f28a-656e-45e4-ab79-bbea3a99f1ba,-0.04752328791456527
375,-0.08823562430313528,0,8159bfe5-0236-4029-8ce3-08c9cc7aedfc,-0.04752328791456527
376,-0.0885890422695639,0,be7c9588-f184-4c4e-81e6-1fda3ed66e6a,-0.04752328791456527
377,-0.09353689379956484,0,3e3610d1-b18c-4f71-9042-c394d220b664,-0.04752328791456527
378,-0.09389031176599348,1,105c8795-ac9a-4bd5-b1f7-a74f15236029,0.13531311342455993
379,-0.09565740159813664,1,dfea9f35-c214-414a-bc54-e60c45e44264,0.13531311342455993
380,-0.09671765549742256,1,e31a94d4-002b-4ed3-9152-26b185be4380,0.13531311342455993
381,-0.0970710734638512,3,57009257-1dc5-46b5-a5c7-f973ffcce78a,0.23466511079521418
382,-0.09954499922885167,0,53c4a851-ed81-43b0-b1c8-cd735660a06c,-0.04752328791456527
383,-0.10378601482599532,0,89c03b68-5963-43b4-b3db-16f678f243b2,-0.04752328791456527
384,-0.10767361245671032,0,875e6fd3-35f9-471d-9d30-ccd9fd0c4479,-0.04752328791456527
385,-0.1101475382217108,0,451ef53a-c0e3-420b-a170-94ad3c0b895e,-0.04752328791456527
386,-0.1101475382217108,2,9b0610cf-6dcb-4e6d-aa65-80010861dc10,0.043806157938057366
387,-0.11085437415456806,1,1f250c4b-57b2-4cf8-8bec-4088bda6f16c,0.13531311342455993
388,-0.1225171670467131,2,2f55d568-af84-493e-8b8b-8cc6461524b3,0.043806157938057366
389,-0.12322400297957035,1,efae2eb1-469c-4adb-9148-247013356e62,0.13531311342455993
390,-0.12393083891242765,1,cb1accbb-5781-4777-b172-578e2ae19888,0.13531311342455993
391,-0.12711160061028534,0,23fc0822-3dd0-43bb-87eb-f12291166355,-0.04752328791456527
392,-0.13241287010671493,0,336085af-7b35-45b7-832c-a8e753c39b01,-0.04752328791456527
393,-0.13241287010671493,0,94c015b5-983f-492b-95f8-e00a732f3d5b,-0.04752328791456527
394,-0.13241287010671493,0,bc86a8fb-056b-419d-a400-fc70df54eaa3,-0.04752328791456527
395,-0.13630046773742996,1,83fded12-43e3-4227-8c06-42d6d319c853,0.13531311342455993
396,-0.13912781146885905,0,91b068df-37bd-4250-a6c2-25b28eb1c270,-0.04752328791456527
397,-0.1405414833345736,0,c66fbc1d-4d64-456c-9a3a-09e9cb82b149,-0.04752328791456527
398,-0.1451359168981459,0,b8b7b413-a3d5-4df2-be63-0c839348f917,-0.04752328791456527
399,-0.15079060436100408,0,cd7dfa15-033f-4429-966a-af2222dc138e,-0.04752328791456527
400,-0.15361794809243318,1,42b14024-3462-484f-8fe5-d41427a2b2b8,0.13531311342455993
401,-0.15361794809243318,2,b5a8288f-9a17-4c79-97b5-7d80564308f0,0.043806157938057366
402,-0.1546782019917191,0,0c8bad65-3876-4113-baec-d11f87176408,-0.04752328791456527
403,-0.15503161995814774,0,13d00d21-3484-411d-84e2-3dff71cb7c2c,-0.04752328791456527
404,-0.1564452918238623,3,d8a27d7c-2486-4060-a5b9-f318dc7ec5fa,0.23466511079521418
405,-0.15679870979029092,0,99b93915-0bca-4a13-a424-141e5d213acf,-0.04752328791456527
406,-0.1613931433538632,1,72c9908c-77b4-48d7-80bf-f50f2b031bc3,0.13531311342455993
407,-0.17199568234672233,0,abfce012-93e5-4e04-9901-5ab8b1d3aa9f,-0.04752328791456527
408,-0.17376277217886552,1,2831fd6e-38d7-43ea-bce4-b1141d6771c4,0.13531311342455993
409,-0.17376277217886552,1,fe171de5-c67e-45a6-a5ad-619906825905,0.13531311342455993
410,-0.17482302607815142,0,62e287b4-bfa4-43ef-8cbe-652223682966,-0.13834250233387163
411,-0.1755298620110087,3,c608b05d-85da-4f78-898c-26396146ca12,0.0831906845630046
412,-0.17623669794386598,1,64445671-4110-4d1e-a4be-26a9142c8ce4,0.010287206051343848
413,-0.1772969518431519,0,01976dfd-e5c0-44f2-a260-61ff78d15e84,-0.13834250233387163
414,-0.17800378777600914,2,fccc2745-074f-4d5f-835f-54ea5fcfa094,-0.07427175063903269
415,-0.17941745964172373,0,5958bea9-4142-496c-85ce-30062fed2004,-0.13834250233387163
416,-0.18047771354100964,0,24c96810-9380-4137-b562-3480bc9d1717,-0.13834250233387163
417,-0.1829516393060101,1,3dad601c-baae-44ed-a165-8352a4247ad4,0.010287206051343848
418,-0.1847187291381533,0,ca03e6c2-a088-4ce8-80a9-a6b907a4fc96,-0.13834250233387163
419,-0.1847187291381533,0,f331ff50-d246-4141-a1be-c1c5fc99c97f,-0.13834250233387163
420,-0.18613240100386785,0,8cf2f33a-b99f-4e7f-a8b8-7a4bd01ac09e,-0.13834250233387163
421,-0.187899490836011,0,bf203d91-161f-4a99-a0c0-544fac8f5922,-0.13834250233387163
422,-0.1886063267688683,4,02584402-e598-4f23-a61b-aef807e2cafb,0.07100167628616615
423,-0.1924939243995833,0,7781e5ee-96fb-4317-ac90-19a85693445b,-0.13834250233387163
424,-0.19426101423172648,0,8473b4c7-4f92-4bcb-9c6c-dfe35dbe3e22,-0.13834250233387163
425,-0.19496785016458376,5,815be9d1-59e0-4572-bfd2-cfe5ae03afeb,0.25824718220459014
426,-0.2027430454260138,0,becd2c92-f88c-4020-a4ed-d274318135c9,-0.13834250233387163
427,-0.20733747898958607,1,2b0b2bfe-8182-42ab-893b-2984203b53b8,0.010287206051343848
428,-0.20769089695601475,0,5ef484ac-073d-49cf-a4c7-0fd093f67d75,-0.13834250233387163
429,-0.208397732888872,0,10dbee8b-f8c8-403c-93ac-ba6a94d18fe5,-0.13834250233387163
430,-0.208397732888872,0,d2f55e20-c203-4b36-a61e-1e857692c40f,-0.13834250233387163
431,-0.2098114047545865,1,5fd4e3c0-ef39-4831-a28e-59fcf730fe4e,0.010287206051343848
432,-0.21087165865387245,0,1a1444da-ed5f-43d6-a881-7425326c4d67,-0.13834250233387163
433,-0.21193191255315835,0,4985e19e-962e-434b-aa2b-c62a61868b34,-0.13834250233387163
434,-0.21723318204958791,0,798a1e16-fc30-4b7a-a6c1-0bfc004ea1b0,-0.13834250233387163
435,-0.21829343594887385,0,d166e0f5-d8e0-4c49-999a-ba069260c307,-0.13834250233387163
436,-0.22677546714316116,0,d120a967-d0e5-48d2-9aca-e7b6ceeda4c7,-0.13834250233387163
437,-0.22783572104244704,0,c524fff9-ec66-417c-8b80-2f0f88b64a9b,-0.13834250233387163
438,-0.2285425569753043,0,74f9a35e-536e-4a2c-aa60-9404628e2ecd,-0.13834250233387163
439,-0.2288959749417329,1,8cc45eb7-c10a-4264-834c-8367ce139ee8,0.010287206051343848
440,-0.2288959749417329,1,b422f7c5-477b-4277-855c-4e2c61f3b8e6,0.010287206051343848
441,-0.2303096468074475,0,8c56d8ce-3cc6-4df6-8ced-6dff95d42a54,-0.13834250233387163
442,-0.2310164827403048,0,d13e01b8-3e65-4af9-bfe4-23f4396955e1,-0.13834250233387163
443,-0.232783572572448,0,db0abd17-cc1c-440d-851d-f29ad4a5d28f,-0.13834250233387163
444,-0.23631775223673435,1,10149507-0aa2-44a8-94b5-d0e222ca3406,0.010287206051343848
445,-0.23631775223673435,1,25475858-d886-4b8c-91be-605ca76b76bc,0.010287206051343848
446,-0.23914509596816344,2,f92e3825-e850-4909-94f0-06768324952f,-0.07427175063903269
447,-0.24303269359887844,0,8907d76f-bef4-480b-856b-f102c0f249d4,-0.13834250233387163
448,-0.24444636546459303,0,1f50fa2c-c311-4545-be16-a40b5d9854fd,-0.13834250233387163
449,-0.2458600373303076,0,5f5ab049-fb0a-4b5e-9bb7-b6a3e2c72ae8,-0.13834250233387163
450,-0.2469202912295935,5,d568121e-44de-4202-9a7e-e9e93ed67ac5,0.25824718220459014
451,-0.2490407990281653,0,81a82021-f320-46b1-917d-1639300e9012,-0.13834250233387163
452,-0.24939421699459394,0,9137ba28-e3a2-4538-b312-7cde27442d68,-0.13834250233387163
453,-0.24974763496102256,4,3c2740a6-2b30-4a22-9959-7ddc8ec310a4,0.07100167628616615
454,-0.2511613068267371,0,7766b844-bfac-4157-8a97-7e00cabf8df1,-0.13834250233387163
455,-0.2585830841217385,0,525f45d7-6fb4-46af-bb68-1ce68687a575,-0.13834250233387163
456,-0.2614104278531676,1,6f1110fe-fc92-4ff4-b969-38034007dac6,0.010287206051343848
457,-0.2617638458195962,0,d8c94671-0287-40c7-bff1-7568b0f667ee,-0.13834250233387163
458,-0.26388435361816803,3,dc8b390d-3c3d-4bac-8e14-4e0907c9b6d7,0.0831906845630046
459,-0.2681253692153117,0,3ca6a0cd-b2ce-4ffb-930b-44e7e6417def,-0.13834250233387163
460,-0.2695390410810263,0,22c3fd0b-2122-48cf-a84d-91253e694b85,-0.13834250233387163
461,-0.2723663848124553,5,79d9dc12-3ecd-45bc-8d01-6a2337dc6988,0.25824718220459014
462,-0.27484031057745584,0,5e7ed108-3c47-4cea-a646-ce39d573b90e,-0.25321317757093
463,-0.2783744902417422,3,4db2eddb-533c-4faa-af6a-8e942e44c469,-0.021342301367493467
464,-0.2815552519395999,0,c3436193-09a1-46ee-8679-8bf25b9e0c7f,-0.25321317757093
465,-0.28473601363745765,0,485141be-3f88-427d-92f2-2c92741071af,-0.25321317757093
466,-0.28544284957031496,0,b7bce386-c5c5-48a2-ba8f-5ae743a58adf,-0.25321317757093
467,-0.2879167753353154,3,27f30a69-6bb4-4ee6-b3de-80368b45ab34,-0.021342301367493467
468,-0.29109753703317315,0,edff4f26-4184-4b10-b450-5941a6a3ea97,-0.25321317757093
469,-0.2942782987310309,1,0fd0b831-75e7-4e82-ba8b-3e2929533b37,-0.08820857977161126
470,-0.2967522244960313,0,ed8ebb77-87a0-48a4-a9af-3a85d82d113a,-0.25321317757093
471,-0.29887273229460315,2,b15a796d-69c9-41cb-b782-e3413a9260c7,-0.1850428872446444
472,-0.2992261502610318,0,bc451376-5b1a-4fa9-9fae-1df9935a775e,-0.25321317757093
473,-0.30311374789174683,5,cc398911-6cc2-4de6-a7a9-d2429db5492f,0.10184343356637404
474,-0.3059410916231759,1,e6a882b8-10c6-4860-982a-4bfea606ef8a,-0.08820857977161126
475,-0.3080615994217477,0,45762d4b-7a6f-4ed4-8619-233d2dbe826c,-0.25321317757093
476,-0.3084150173881764,0,5cbe071c-d251-45fd-89c3-ebccdb9a89a2,-0.25321317757093
477,-0.30876843535460496,1,367409f0-d797-40ff-bbc5-91510bc825de,-0.08820857977161126
478,-0.30912185332103365,0,c361f0e6-10ff-4d52-aaa5-8f3df10739c2,-0.25321317757093
479,-0.3119491970524628,0,280e0b10-c2c2-4ba6-b7b9-baac5b57809e,-0.25321317757093
480,-0.31265603298532,2,b1aceae5-b447-4a3a-91d8-0fb72771d3ae,-0.1850428872446444
481,-0.3140697048510346,1,ef0bcbb8-220d-4488-a45f-0e13a25dccb8,-0.08820857977161126
482,-0.3151299587503205,0,05d3ee3c-7962-4f41-ae42-ca70b366895f,-0.25321317757093
483,-0.31689704858246365,0,d82d5f95-9da2-4527-81bd-f061e011edab,-0.25321317757093
484,-0.3218449001124646,0,ab1aebc6-3607-4612-9bf2-1ff78b3bdf1b,-0.25321317757093
485,-0.3229051540117505,0,4c35693d-8fe0-4ef5-9f52-31496b7e1a2b,-0.25321317757093
486,-0.32325857197817914,0,9e1f7835-9a27-43cb-be19-ee839c9f9488,-0.25321317757093
487,-0.3243188258774651,0,1aecfab1-c517-4318-9c11-746c987dc344,-0.25321317757093
488,-0.3246722438438937,0,cfeaa050-d258-4676-ae4c-1f5fbfe132a7,-0.25321317757093
489,-0.32502566181032233,0,75b3686b-8c5e-42d8-96a9-ab7cb2284e8c,-0.25321317757093
490,-0.3267927516424655,0,e99825a3-4336-45b2-b278-32881dd5e152,-0.25321317757093
491,-0.3289132594410373,0,8d64d398-7704-4786-9d40-0c8fd7ec5a82,-0.25321317757093
492,-0.3299735133403233,0,63479b90-a86a-4858-becb-d268761d8381,-0.25321317757093
493,-0.3313871852060378,0,7715db25-8879-45db-8a4f-cf9d0bcad33c,-0.25321317757093
494,-0.3338611109710383,0,008839c7-d9a3-409d-8366-20cbc83a92f6,-0.25321317757093
495,-0.3359816187696101,0,fba6b8e1-0f6e-41bc-b700-c610a109daa7,-0.25321317757093
496,-0.3363350367360387,1,9dc984ca-5f6f-4a74-8e74-88862e6cb90e,-0.08820857977161126
497,-0.3366884547024674,0,ee6ffe37-e850-4a11-b26d-50cfaf52dc28,-0.25321317757093
498,-0.337041872668896,0,a9bd6c64-eba7-47e1-8a42-bc4fa868b437,-0.25321317757093
499,-0.3381021265681819,0,22f0aa73-8b24-459b-b920-7ee632f2aff4,-0.25321317757093
500,-0.3388089625010392,0,7d3bbbf2-8d0f-49e5-83a9-1961aaa94399,-0.25321317757093
501,-0.3388089625010392,1,af85aa5a-1490-47aa-ab60-881c57a279b1,-0.08820857977161126
502,-0.3391623804674678,0,a91e4a93-1d25-49bd-84b1-629dcb34882a,-0.25321317757093
503,-0.34128288826603964,0,feb9f2ad-22b3-43cd-8838-2ff49f5b7141,-0.25321317757093
504,-0.3419897241988969,0,c40dd61f-4208-4c93-b04c-9080441128b9,-0.25321317757093
505,-0.34764441166175514,0,9e9fddd2-57e8-43eb-8db2-867609118b38,-0.25321317757093
506,-0.348704665561041,0,0f7ae29f-9b26-4cca-b161-4cab80460850,-0.25321317757093
507,-0.348704665561041,5,98763124-e238-417e-b473-67b287c78d15,0.10184343356637404
508,-0.3490580835274697,5,9ae14a65-170e-442f-bb22-12921d1edfbc,0.10184343356637404
509,-0.3511785913260415,0,8c1cf82a-d942-403e-bfb7-85780e58090c,-0.25321317757093
510,-0.3529456811581847,1,c6ecd73b-9645-415c-ae0c-b0f536b689f1,-0.08820857977161126
511,-0.3550661889567565,0,f920eeb1-6eef-4644-984f-2eb67a08cc3c,-0.25321317757093
512,-0.3596606225203288,2,a002154a-e51d-487c-8302-c9e210d2425b,-0.1850428872446444
513,-0.3628413842181865,0,87bdc878-c562-4ff7-947a-85728769a76a,-0.25321317757093
514,-0.3639016381174725,1,3b47b7b1-f055-496d-9116-e800ac2474b3,-0.08820857977161126
515,-0.3642550560839011,2,9288551c-d7bb-4191-90ea-aa435e2772fe,-0.1850428872446444
516,-0.3646084740503297,0,629d81d6-3148-457f-914e-fe1a1db1a300,-0.25321317757093
517,-0.365315309983187,1,a026e354-3904-46d2-8ab6-784abc3ad906,-0.08820857977161126
518,-0.3656687279496157,2,2565e661-31d6-417f-9ede-184fc3f43770,-0.1850428872446444
519,-0.3674358177817588,0,0baf0824-88f5-4031-af1f-07d63a64b54e,-0.25321317757093
520,-0.3674358177817588,1,8d981d3a-0b55-4374-aa66-79e80713633a,-0.08820857977161126
521,-0.369202907613902,0,ece03ee4-df47-4171-84b5-a8d96e988587,-0.25321317757093
522,-0.3699097435467593,0,7d64b07c-99e4-4be2-b29c-665f58412c52,-0.25321317757093
523,-0.3745041771103316,5,d558af6f-e258-4dc6-a608-9e4affb1649f,-0.09607151795198038
524,-0.3752110130431888,0,17b6dce2-b492-4c79-8224-9c435789c7b0,-0.3809970243617478
525,-0.3776849388081893,0,d83ba381-3160-4ead-9657-c1937bf71ae0,-0.3809970243617478
526,-0.3794520286403325,0,a1d5e14b-d2d5-415c-9e0b-ff33277e5e49,-0.3809970243617478
527,-0.38015886457318976,0,fbdf6cb7-9ae5-4be0-a1de-87c2a9569f6d,-0.3809970243617478
528,-0.38192595440533295,0,e5c1d0b0-9baf-431c-b8b8-daa5fe81c13f,-0.3809970243617478
529,-0.3865203879689053,1,753e10bf-9848-4a82-b216-d19cef29a443,-0.18660660812315688
530,-0.3918216574653348,0,ad405090-ec3c-4d10-9a16-66b269f0b6f8,-0.3809970243617478
531,-0.3928819113646207,0,92238f4f-e0cf-4706-bf2c-2bf633b42ba4,-0.3809970243617478
532,-0.3932353293310494,0,1d15505b-26c5-422c-b8f5-ecf06c42b0eb,-0.3809970243617478
533,-0.39358874729747795,1,5edeab4f-334a-44eb-93a8-a5e36d58b76c,-0.18660660812315688
534,-0.39358874729747795,1,879c0c56-afc7-42ed-952c-d233aa2890b4,-0.18660660812315688
535,-0.4006571066260508,0,27719ef9-44c0-4817-8127-f5afb4da4e01,-0.3809970243617478
536,-0.4031310323910512,5,2a60d24f-b7bb-4649-9ea3-a8dd0bf2dbf3,-0.09607151795198038
537,-0.4031310323910512,0,827987df-96a0-43c6-b2c2-7622993e4553,-0.3809970243617478
538,-0.4034844503574798,0,981be454-e456-470d-9ce6-202cfbacbd23,-0.3809970243617478
539,-0.4059583761224803,1,b5dc25ca-e6b3-414d-b563-da152a65cd1a,-0.18660660812315688
540,-0.40631179408890894,0,971087ab-c314-49db-9aa1-d5cfec2824b1,-0.3809970243617478
541,-0.4073720479881949,1,1105d5f4-3537-4516-9659-40ad25bf476d,-0.18660660812315688
542,-0.4073720479881949,0,5f2897a2-2760-47af-abae-31b8b83eed03,-0.3809970243617478
543,-0.4077254659546235,1,db21e2a9-f195-404f-a288-dfce53a0c452,-0.18660660812315688
544,-0.410199391719624,0,9f9d8e3f-c53a-4b89-a1de-139c2e6f94ed,-0.3809970243617478
545,-0.41055280968605257,0,c81db994-7a96-45f3-b70c-0d763d1d145b,-0.3809970243617478
546,-0.41231989951819575,0,76e9646a-55c3-4707-b02d-842890fa8ef0,-0.3809970243617478
547,-0.4137335713839103,0,e2a0ac6f-1650-474b-9575-8bc9d355f5a8,-0.3809970243617478
548,-0.4151472432496249,0,e2701c4d-5e67-4289-b838-a178ce204d38,-0.3809970243617478
549,-0.4172677510481967,5,5edbaf4d-81c2-400c-b7d0-dbe4cb2cb868,-0.09607151795198038
550,-0.4172677510481967,0,d7790f3e-4780-42d1-bb5f-94792813e26b,-0.3809970243617478
551,-0.4193882588467685,0,e8b6bb60-6ab9-4ff0-b986-27703195e6a5,-0.3809970243617478
552,-0.4268100361417699,1,631faa86-c7cb-44d3-b65f-6fe7ad0a5636,-0.18660660812315688
553,-0.4275168720746272,0,df459351-0ef9-4768-bce6-6bcf968fcb5a,-0.3809970243617478
554,-0.4278702900410558,1,2e473c0f-bc15-4b94-90f4-1d3ce71bdfab,-0.18660660812315688
555,-0.42893054394034175,0,5b76bef1-28e9-4145-91f6-eb0ac27c2c0f,-0.3809970243617478
556,-0.4299907978396276,0,05817c25-1976-46c5-8c86-0c097d5d9fe8,-0.3809970243617478
557,-0.4331715595374854,0,9099e158-045b-4d41-a61d-89265b276d5e,-0.3809970243617478
558,-0.4338783954703426,0,e1399b75-f958-46b0-bf73-baebd44c6a76,-0.3809970243617478
559,-0.4352920673360572,3,8f142375-994e-480e-88ac-f53f603747f0,-0.13614934732287387
560,-0.43741257513462894,2,281fe7f5-0d3d-4949-9f02-6f46b5bf52fd,-0.292154571067723
561,-0.43741257513462894,5,d8ec2554-d8f6-4818-8b33-f8523d766a86,-0.09607151795198038
562,-0.4391796649667722,0,82379268-4648-4469-8e79-a2030a1b484d,-0.3809970243617478
563,-0.4416535907317727,1,e7db1e22-099f-4c28-b3b0-4eaf48447549,-0.18660660812315688
564,-0.4430672625974872,0,9059f3bb-29af-4b85-a02a-141305be1fd6,-0.3809970243617478
565,-0.4430672625974872,0,e4779b69-a67f-47cc-b3aa-f9a5f01c2d95,-0.3809970243617478
566,-0.4490753680267741,4,832b1f34-50f0-4fbe-a81f-f8dedd6b938e,-0.06292445618675818
567,-0.4519027117582032,0,dbedde50-dc84-4444-85ef-5fd91accb00e,-0.3809970243617478
568,-0.4522561297246318,0,34767cb0-b442-4472-9f93-79b1133c1b02,-0.3809970243617478
569,-0.4536698015903464,3,301b85a5-3682-416d-a599-0e7fe440b62e,-0.13614934732287387
570,-0.4550834734560609,0,95dc03fe-0227-4dc1-9256-0cd56946537d,-0.3809970243617478
571,-0.4572039812546328,0,986f7143-4d6f-4037-9fc0-a9b864e30ff1,-0.3809970243617478
572,-0.4593244890532046,0,5c5b3524-f32b-401e-8bf2-9de7242f412f,-0.3809970243617478
573,-0.4596779070196332,5,7d6f5801-a5fa-421d-974d-c722d16b5703,-0.09607151795198038
574,-0.4603847429524904,2,91abe58f-6961-461a-a180-1230e331ce7b,-0.292154571067723
575,-0.4610915788853477,1,5470c7c0-e41f-4d6b-bb7b-85a60738affd,-0.18660660812315688
576,-0.4621518327846336,5,1503edcb-e2d3-4ed1-9ff8-23d7941f410f,-0.09607151795198038
577,-0.4635655046503482,5,4816ccf6-f6f9-4f54-a536-3bd5526429d2,-0.09607151795198038
578,-0.4663928483817773,0,cdc36033-108e-4cc4-a310-dc6b0887dbae,-0.3809970243617478
579,-0.4688667741467778,0,db90e45f-e177-4cbb-b474-70bc3192f071,-0.3809970243617478
580,-0.4699270280460637,2,13c0eb10-2d8d-4c6c-b897-221507ba36d8,-0.292154571067723
581,-0.4702804460124923,1,d660e627-3e81-4b39-a2f0-98173668775b,-0.18660660812315688
582,-0.4709872819453496,0,005d0388-623d-4905-bee8-d675a72c84e0,-0.3809970243617478
583,-0.4713406999117782,0,1003aa5c-9058-48bf-9b26-3670e38ef2a2,-0.3809970243617478
584,-0.4716941178782069,0,efa7fb0a-7129-4fb0-8733-9a02f7c35224,-0.3809970243617478
585,-0.4720475358446355,5,6fe18184-7f40-4fe4-a479-248251f36cb3,-0.09607151795198038
586,-0.4727543717774928,0,f0643ae9-9f92-48ef-8995-67ac12011470,-0.3809970243617478
587,-0.4734612077103501,3,9afaf42c-76d3-4320-87b0-e73d2e3800dc,-0.13614934732287387
588,-0.4748748795760646,0,292d6a09-a95a-4c96-aa00-04c4b3903859,-0.47427175063903304
589,-0.4752282975424933,1,f1cf9007-7edd-446f-86da-d33c540cb7a1,-0.3073967309858223
590,-0.4755817155089218,0,51cc4d7d-293a-4dd2-b53c-5350b7e45c1b,-0.47427175063903304
591,-0.4759351334753505,0,98347bcb-47e6-43b7-b852-261d4b4aca9b,-0.47427175063903304
592,-0.4762885514417791,0,05e9fdba-a086-4447-9742-7cf65a1152e9,-0.47427175063903304
593,-0.4766419694082078,0,478e878d-889b-45f7-a77e-e11b19bb2fb8,-0.47427175063903304
594,-0.4780556412739223,2,5682748a-5deb-40a0-8d15-30aa70059948,-0.37427175063903295
595,-0.4780556412739223,1,7b5c1917-37b0-45ad-8e18-56490d9a6d55,-0.3073967309858223
596,-0.4805295670389228,0,a62858fa-de42-42b9-ab6f-183d64caa319,-0.47427175063903304
597,-0.4812364029717801,0,059a67b0-22fc-4780-8658-04cc39ce0816,-0.47427175063903304
598,-0.4819432389046374,0,cdf0709a-d37d-4402-9fb3-5037cd0cb7d2,-0.47427175063903304
599,-0.48229665687106604,0,09e4fc72-d1ce-4a07-ad8b-0ba0850d5ecc,-0.47427175063903304
600,-0.4844171646696378,0,160cd3dd-4f05-4265-892c-2e5b8348cdc8,-0.47427175063903304
601,-0.4844171646696378,0,5e0c7ffa-ae38-49ba-b0ff-219d6715cde7,-0.47427175063903304
602,-0.4907786880653533,0,931483d4-d565-4bb9-8e53-92f14d462b4b,-0.47427175063903304
603,-0.4911321060317819,1,d4dfedda-292a-4523-a246-ddd5e43b7d48,-0.3073967309858223
604,-0.4918389419646392,0,24c2ec85-ad59-4da7-962d-0821c8674c0a,-0.47427175063903304
605,-0.4928991958639251,1,4dbe2a60-b307-48ec-adcc-4e3c8d9d3bdf,-0.3073967309858223
606,-0.4932526138303538,0,9028a86d-daa7-4341-998f-179caae32da9,-0.47427175063903304
607,-0.4936060317967824,2,c9e534f9-0c72-4e04-9d33-249777f3d1f5,-0.37427175063903295
608,-0.493959449763211,0,0cf7fe8e-c75a-42db-9d96-80e5d5842d30,-0.47427175063903304
609,-0.4946662856960683,1,0901bb51-0a54-45b4-9748-2faaec8a53ae,-0.3073967309858223
610,-0.4964333755282115,3,83576c26-d409-4f88-a76d-27f4edd1996c,-0.253969890076812
611,-0.4996141372260692,1,94559ec5-1d43-43df-8633-cc6a015a86a7,-0.3073967309858223
612,-0.5010278090917838,1,521dce80-67ac-495b-8367-c189d7ca32db,-0.3073967309858223
613,-0.5013812270582124,0,e5c11885-b3e7-4936-9c2a-4b0921689f81,-0.47427175063903304
614,-0.501734645024641,0,e6ece160-b77b-490b-939e-63004ba7050f,-0.47427175063903304
615,-0.5031483168903556,0,51e8d9af-fc74-45d1-b7bb-b8c7231fe36b,-0.47427175063903304
616,-0.5038551528232129,5,b3c97a41-e6a9-48b3-8f80-85a28c5dd56f,-0.2742717506390328
617,-0.5059756606217847,1,e00b9c25-4c79-48fd-9c08-5f6711633ee3,-0.3073967309858223
618,-0.5073893324874993,1,2bfe96d0-f769-49ba-be13-9b27c095a876,-0.3073967309858223
619,-0.5084495863867852,1,77d6c5bc-8f69-47de-b1e7-a748b1ba85c0,-0.3073967309858223
620,-0.5091564223196424,0,abc91ab6-3138-452e-9c40-98aac80fd4c3,-0.47427175063903304
621,-0.5123371840175002,0,ad61c1e4-b1d2-4adb-afdc-506bf3551e8c,-0.47427175063903304
622,-0.5123371840175002,0,c64b858d-8c36-4b40-99cb-6aa3932c2084,-0.47427175063903304
623,-0.5151645277489293,0,90282ff9-148c-447f-b7e0-bf64abecf4cb,-0.47427175063903304
624,-0.5162247816482152,1,4df4277c-3f1e-4340-9cb3-22f038e2d846,-0.3073967309858223
625,-0.5190521253796443,5,3b169b79-f87e-4932-abdf-637f0f74e4f8,-0.2742717506390328
626,-0.522232887077502,0,57f6e430-a9be-4fa3-95ae-1fe0426abfeb,-0.47427175063903304
627,-0.5225863050439307,1,2c26c967-a77a-4a8f-b358-68f51980c373,-0.3073967309858223
628,-0.5225863050439307,0,8d672c7e-38e8-46d7-9ed7-e86e000fada2,-0.47427175063903304
629,-0.5250602308089309,0,7ffe09bb-6ef4-4699-a69f-6d27712030e7,-0.47427175063903304
630,-0.5307149182717893,1,3bcffbb7-257f-45fe-af0a-7c7511ef5d27,-0.3073967309858223
631,-0.5349559338689329,4,47cf57a8-e379-410f-8df5-f4d0c7c67989,-0.1284023441215622
632,-0.5356627698017902,0,be2148aa-84e8-488d-ae9e-747f56082eb8,-0.47427175063903304
633,-0.5384901135332193,3,cfbcd727-8ad6-4b84-ab55-e5191792cf85,-0.253969890076812
634,-0.5388435314996479,0,1d082c5b-c647-470d-bfbe-c1d8886563e1,-0.47427175063903304
635,-0.5388435314996479,0,59eea025-3170-4cd0-8553-f9d090d7e92d,-0.47427175063903304
636,-0.5434379650632203,0,79a87b97-7d7f-43b7-9d95-c15912f93dd7,-0.47427175063903304
637,-0.5466187267610779,0,417c02d4-1576-476d-bd1c-7acc50bdf2ba,-0.47427175063903304
638,-0.5466187267610779,1,55fb9044-7949-4839-a5b9-67ba152a15f0,-0.3073967309858223
639,-0.5469721447275067,0,d36754ad-e60d-465e-b469-fd8e3e7f246c,-0.47427175063903304
640,-0.5473255626939353,1,a99a61dc-4ff8-4a3a-9c08-53275ed9bafc,-0.3073967309858223
641,-0.5512131603246503,0,ca34c6af-e784-4436-bb26-ed62c3c354b6,-0.47427175063903304
642,-0.5657032969482244,0,991a8c72-e428-4884-bd41-1aa22526350f,-0.47427175063903304
643,-0.5699443125453679,1,8c4f890a-532d-4cc4-a03d-059037f09509,-0.3073967309858223
644,-0.5710045664446539,5,c4561479-61d7-49b6-9bf4-5993e46850a6,-0.2742717506390328
645,-0.5745387461089403,0,cdd587cb-1fa6-4b2c-bcf2-195bae09dc94,-0.6036970915612728
646,-0.574892164075369,0,1b2ffc69-d17c-4ad2-a359-4553d76cbdc8,-0.6036970915612728
647,-0.574892164075369,2,7fa772ab-cad7-4bd4-84c5-ff35610f4c44,-0.5002400963096025
648,-0.5876152108667999,1,482bf7d8-7772-47ab-8c6b-cd806531aa56,-0.46735353317081635
649,-0.5886754647660858,4,51e56488-82b4-499c-b4f7-4d634756c0a4,-0.28372309695586345
650,-0.5900891366318004,0,1d6fbd9d-7af4-4e31-8d15-acf132db7bd2,-0.6036970915612728
651,-0.5911493905310863,2,7069197e-0e68-4e2d-9fd6-018f30996c67,-0.5002400963096025
652,-0.5946835701953727,0,27a06272-ef5e-4432-8e4a-27f897ac6d6c,-0.6036970915612728
653,-0.5957438240946585,0,479b2911-c948-4100-8bbe-867dd060de0e,-0.6036970915612728
654,-0.5968040779939445,0,f6da6d86-f964-4414-ba3c-63e501dea561,-0.6036970915612728
655,-0.5975109139268018,1,559e0cf7-ee21-40f8-b9da-2c766938b52d,-0.46735353317081635
656,-0.5985711678260877,0,54aa58e7-1ea5-4f47-8703-812c72f0dc06,-0.6036970915612728
657,-0.5985711678260877,0,c93ba6a9-471e-4b7b-9d2c-0b57f81e593d,-0.6036970915612728
658,-0.6010450935910882,1,6a17b785-7f93-46be-a0d8-fe56fe5455c3,-0.46735353317081635
659,-0.60316560138966,5,56d034c5-2ef8-4567-a65f-7eef2cf87af3,-0.39273131124437466
660,-0.6042258552889459,0,32e71cfa-5b10-408e-ae85-e654f5459976,-0.6036970915612728
661,-0.6042258552889459,0,8314a60e-6841-4181-a2d8-2bf32b844875,-0.6036970915612728
662,-0.6042258552889459,1,855cc415-41e0-4ff9-aa0b-aefd91b668aa,-0.46735353317081635
663,-0.6049326912218032,0,a9f0715e-322e-4282-9138-ee1b06729d8f,-0.6036970915612728
664,-0.605992945121089,5,477a5efb-03b5-4e16-9eb7-dfc81d0e2246,-0.39273131124437466
665,-0.6063463630875177,5,26d95615-46dd-42a0-93da-cbafa36dd847,-0.39273131124437466
666,-0.6074066169868036,0,0c0b304f-4cf3-4ca3-b06c-572199417cb0,-0.6036970915612728
667,-0.6091737068189468,0,90e85552-b0ad-4ca1-87aa-45ad8b232aa1,-0.6036970915612728
668,-0.6091737068189468,0,bba6bcd8-d237-4113-ba07-6036138681af,-0.6036970915612728
669,-0.6102339607182328,2,f97bf1c8-5f7f-43b4-bf0a-8d2881d68995,-0.5002400963096025
670,-0.6130613044496618,1,b8788bb9-92e0-4123-834c-dc04a68e17ad,-0.46735353317081635
671,-0.6137681403825191,0,5d4adab3-3917-4866-a9f9-be6c905bf67b,-0.6036970915612728
672,-0.6148283942818051,1,72e173b2-bd1e-40ca-b975-d052fc0519ec,-0.46735353317081635
673,-0.6148283942818051,0,b85ed50f-c190-4b3c-8329-7138023edd00,-0.6036970915612728
674,-0.6148283942818051,0,ee274caf-d3e6-4527-ab54-bc759058fd75,-0.6036970915612728
675,-0.6151818122482337,0,e5be7837-de9b-4f13-b3aa-d7ff88230d43,-0.6036970915612728
676,-0.6169489020803768,1,5fdd8d6f-bde0-4feb-8c35-efeab3723bb7,-0.46735353317081635
677,-0.6169489020803768,0,dfee33ee-1b62-43a9-b1b6-79073c3d7d57,-0.6036970915612728
678,-0.6173023200468055,0,8497fa6d-f88b-4353-a2b5-a1fb4721f566,-0.6036970915612728
679,-0.6173023200468055,0,e96728e3-8479-47f6-a3c8-067cc32f069d,-0.6036970915612728
680,-0.6176557380132341,0,d9e226b5-a1e7-4d57-8653-e9c1028ee36e,-0.6036970915612728
681,-0.6180091559796628,3,2c5ed896-7ee2-4109-bc1b-8a68fbbf7412,-0.3673327057864539
682,-0.6180091559796628,1,31711110-0d98-4b0d-8b2d-0759189ffcdd,-0.46735353317081635
683,-0.6194228278453773,4,34e25256-7734-45c1-9c7c-1562f84f683a,-0.28372309695586345
684,-0.6201296637782345,2,6d600dba-9c6b-4152-bfaa-0906e440388f,-0.5002400963096025
685,-0.6204830817446632,1,5c270645-0894-48a3-94fa-220ad2aaf94b,-0.46735353317081635
686,-0.6215433356439491,2,3e9a5bbd-7cde-450d-bbdb-2f36ca097bf5,-0.5002400963096025
687,-0.6229570075096637,0,28f9b565-5580-4b15-8fcc-3c01e0a6d452,-0.6036970915612728
688,-0.6236638434425209,3,7d0b438b-8d3e-4ffe-bddd-e6deea605f85,-0.3673327057864539
689,-0.6243706793753783,2,394cd175-307c-4cea-a8d7-e224fd6839bd,-0.5002400963096025
690,-0.6264911871739499,0,ee451c14-afa6-4a3b-b51a-932dc90e5ef9,-0.6036970915612728
691,-0.6293185309053791,0,92c5f8b2-dfff-48f6-9346-b5001db1ad9c,-0.6036970915612728
692,-0.6296719488718078,1,eaaf6d41-bc41-4f37-ae2b-afcd869f3d8e,-0.46735353317081635
693,-0.6307322027710937,5,ab17edf3-1db1-48e1-8de9-6f81f8739c5b,-0.39273131124437466
694,-0.631439038703951,0,1ea4a199-28cc-41a1-a94c-5a342d1a8c91,-0.6036970915612728
695,-0.6317924566703796,0,a4881b63-bdec-4e3c-83ee-3c48b9675e62,-0.6036970915612728
696,-0.6332061285360941,1,b248fbfd-0f57-4c19-9588-913b987c8ae0,-0.46735353317081635
697,-0.6346198004018087,0,ebd7ab0f-69df-4269-858c-836c2cf5085c,-0.6036970915612728
698,-0.635326636334666,0,2c932132-050b-4735-b150-51e626a536c1,-0.6036970915612728
699,-0.6356800543010946,0,d6c16110-c57d-4013-95db-544661c5cdd7,-0.6036970915612728
700,-0.6360334722675233,0,c21cafc5-d597-4e01-b606-5c9cde316986,-0.6036970915612728
701,-0.6363868902339519,0,2991b26f-0341-49d9-bd7d-dab7f9b1a3ad,-0.6036970915612728
702,-0.6370937261668091,2,3261aa74-d973-410f-a281-d59b4ea8161e,-0.5002400963096025
703,-0.6370937261668091,0,82c294e8-2e4f-414f-99ce-3707e41de9b4,-0.6036970915612728
704,-0.638153980066095,0,44e94020-756e-44eb-b1ba-bdab8e6b962c,-0.6036970915612728
705,-0.6388608159989524,3,58ee6d03-0148-406d-9638-75a742a52537,-0.3673327057864539
706,-0.6388608159989524,1,65335e74-87ed-446a-b03a-e3f4902e067c,-0.46735353317081635
707,-0.6395676519318096,0,b9bd67fb-f97f-4ab3-9ad6-f22355c9eae3,-0.6036970915612728
708,-0.6438086675289533,1,77f10c54-5d4f-4373-aa19-9b2ad9259761,-0.46735353317081635
709,-0.6452223393946678,1,621d8ec0-08d0-47b6-9588-5b905f185338,-0.46735353317081635
710,-0.6459291753275251,5,212f99b3-05e7-410b-9da9-e942ffbc5506,-0.39273131124437466
711,-0.6462825932939538,0,533f3d6e-cfcb-4b62-84cd-a8f04ab9518e,-0.6036970915612728
712,-0.6480496831260969,0,0fb76ff2-dc7b-4e98-a9df-2265d67e8544,-0.6036970915612728
713,-0.6487565190589542,0,3541ecb4-5d91-4d62-8ca3-bde91da0e65b,-0.6036970915612728
714,-0.6487565190589542,3,9c660078-b297-43bd-8634-ba51ab7bd06f,-0.3673327057864539
715,-0.6491099370253829,0,5ee2517d-785f-46ed-a493-c33f9900f5fe,-0.6036970915612728
716,-0.6491099370253829,1,8e217569-900e-4a35-bb7c-caa05f7e0016,-0.46735353317081635
717,-0.6526441166896693,1,50f20089-3f3f-4a99-a29a-ce479eb4e20b,-0.46735353317081635
718,-0.6526441166896693,0,b48dbb0e-0d63-401d-8fe6-f2e7cd275abc,-0.6036970915612728
719,-0.6554714604210983,4,4fbae070-8281-44d8-ba88-8608943a1ec1,-0.28372309695586345
720,-0.6561782963539556,0,5b0951c8-4cac-4d52-94ad-aec60e4b7598,-0.6036970915612728
721,-0.6568851322868129,0,79cbd4e6-8a0e-4ccf-867a-31e54163b8ff,-0.6036970915612728
722,-0.6590056400853846,0,83ac7244-d210-4251-b0a6-e7cd2746c4d0,-0.6036970915612728
723,-0.6600658939846706,0,2e83e4c4-4119-4f0c-afc1-ce42330c40a4,-0.6036970915612728
724,-0.6600658939846706,0,6b65db30-21d5-4324-8361-297b59e7316e,-0.6036970915612728
725,-0.6607727299175279,2,93d97065-e117-49d1-a852-8c7c59d45afa,-0.5002400963096025
726,-0.6614795658503851,1,05dc1495-7adc-445a-a652-994d6cb9a818,-0.46735353317081635
727,-0.6614795658503851,2,84298948-ff8d-40a0-85bf-762252b3563a,-0.5002400963096025
728,-0.6614795658503851,0,b1ef6584-136a-45de-afc0-227156ea9385,-0.6036970915612728
729,-0.6614795658503851,0,f36d8755-5182-448f-9773-0d6b6441a2ff,-0.6036970915612728
730,-0.6628932377160996,4,50a1c8d8-d365-40a8-bdb6-058fcab54bf7,-0.28372309695586345
731,-0.6632466556825284,1,e3b7ee37-6865-4a35-b808-a72d9bcfa414,-0.46735353317081635
732,-0.6639534916153856,0,6c2c7853-24c2-400b-8cfb-a167b3722ec3,-0.6036970915612728
733,-0.6646603275482429,1,39ddd9b2-7a87-41be-8ff5-64a1f3706e91,-0.46735353317081635
734,-0.6671342533132434,0,54f8f901-d4e4-4dde-8c21-9a8af21240d9,-0.6036970915612728
735,-0.667487671279672,0,cca0dee5-8de5-4bd8-b185-3cea657129b0,-0.6036970915612728
736,-0.6678410892461006,1,823cbaad-ca81-4225-8548-c79e05d2c9fb,-0.46735353317081635
737,-0.6678410892461006,1,d8b7fb79-4210-4fb3-9d4a-46ac6ba4a7e2,-0.46735353317081635
738,-0.6689013431453865,1,9e184245-0f67-4591-8233-2f45815875f7,-0.46735353317081635
739,-0.6692547611118151,0,bed9a6ee-6f20-4e05-81be-4e726cba4bed,-0.6036970915612728
740,-0.6696081790782438,0,15847182-3641-4955-8182-190e78008071,-0.6036970915612728
741,-0.6696081790782438,1,d300a60c-6aab-4d42-810b-1f6981815ad2,-0.46735353317081635
742,-0.6706684329775298,1,d1a50b84-412f-4297-8d85-45f8f3622c63,-0.46735353317081635
743,-0.6710218509439584,1,5ae0ad83-5eb7-47ce-88dc-19d61ca986b2,-0.46735353317081635
744,-0.6713752689103871,1,7b1d29de-9bb4-4f61-883b-50de95738f8e,-0.46735353317081635
745,-0.6742026126418161,1,43a44734-a17e-4a02-8536-d2fc08f0b329,-0.46735353317081635
746,-0.6749094485746734,0,041e33b9-eaec-47b5-b237-480365dfce17,-0.755554261175424
747,-0.6752628665411021,0,a38e8174-318f-4ca4-a068-29a4f4ae9c39,-0.755554261175424
748,-0.6766765384068165,0,bf136c55-f8ec-4e42-86ea-7c5d29627215,-0.755554261175424
749,-0.6770299563732451,1,0a55db0a-87da-4c6b-a89d-32818b752282,-0.6651433478404786
750,-0.6773833743396739,4,dbcd24ab-3779-47ac-8cb0-dfcfe8f98bf2,-0.5956043846212273
751,-0.6787970462053884,0,05c5cd7b-48aa-43ae-8540-7a252ecd9e81,-0.755554261175424
752,-0.6787970462053884,2,618433b2-fe3b-4c56-8256-1df6d2e488fc,-0.7325127900829207
753,-0.6787970462053884,5,70e11855-7108-4e42-9c47-b12430947db6,-0.5702914990284982
754,-0.679150464171817,4,7e8d680c-9fbb-435f-9605-a9e5f64e51c3,-0.5956043846212273
755,-0.6798573001046743,0,e9a3ade4-ca6e-4c12-92a0-3e694300c7cd,-0.755554261175424
756,-0.6816243899368175,0,c5b902f2-6c20-4e6a-b8c1-d7c0dac68ba0,-0.755554261175424
757,-0.6826846438361034,0,4a961e0d-97f9-4c27-b58a-29977b2fd7b1,-0.755554261175424
758,-0.6837448977353893,0,0cb18c38-3f50-4b63-a27d-eae2b6beafce,-0.755554261175424
759,-0.6851585696011039,5,2735701d-b27d-409f-991d-462533f2836b,-0.5702914990284982
760,-0.6851585696011039,0,df6da85a-094f-4281-8e88-6ab25d5d514b,-0.755554261175424
761,-0.6855119875675325,0,b260dc03-c95c-4ec3-806a-12796a3df48a,-0.755554261175424
762,-0.6862188235003898,0,92d9a362-8bcf-4383-8298-a45e2e461bd9,-0.755554261175424
763,-0.6862188235003898,0,daf6d5dc-8b6b-457c-9128-1f3e09ddfe3e,-0.755554261175424
764,-0.6883393312989616,0,b95ed3d2-2bdc-411f-aa8a-a6fcfd925e2c,-0.755554261175424
765,-0.6897530031646761,2,7e613158-99e0-4b6e-938a-722b5b975a0e,-0.7325127900829207
766,-0.6897530031646761,0,9af9c661-0587-4879-8a6d-40619dce591b,-0.755554261175424
767,-0.6897530031646761,3,aac4d2f4-085c-42e7-b6f7-8110f577b46d,-0.5567382202432576
768,-0.6925803468961053,0,dd5fcf72-1e72-4f0a-a4bc-7219f1e20c91,-0.755554261175424
769,-0.6929337648625339,1,986fc177-7e54-4020-b049-8b1b49696344,-0.6651433478404786
770,-0.6932871828289625,2,8c221b12-34a2-4ec7-8b9a-31f77d3a42cd,-0.7325127900829207
771,-0.6932871828289625,0,c201bf3d-af69-42bb-b963-3d306b2ada9e,-0.755554261175424
772,-0.6943474367282484,0,a12ca43f-07f7-46fb-b344-8fdbb9c3aafd,-0.755554261175424
773,-0.6957611085939631,0,e158a45d-c030-4d2d-ba96-af835c366c27,-0.755554261175424
774,-0.6968213624932489,3,9c8a0c5b-f37c-469d-8b48-ad2c986e3a96,-0.5567382202432576
775,-0.6971747804596775,0,de1919ff-a8af-45fa-ab7c-776a1a13b347,-0.755554261175424
776,-0.698588452325392,0,a7e3491b-a948-46ea-b6f7-79a3abd9fe00,-0.755554261175424
777,-0.6992952882582494,0,064f4f72-8f27-42c4-ae52-685edf53202b,-0.755554261175424
778,-0.7003555421575353,1,fca09bdd-7157-4c5c-913f-4260cde90fc5,-0.6651433478404786
779,-0.7007089601239639,1,0265a85b-e22a-4b55-8e97-b14084bbaf18,-0.6651433478404786
780,-0.7010623780903925,3,49915866-c092-48f6-8339-36edc5120a38,-0.5567382202432576
781,-0.7014157960568211,1,2ccf6690-91bf-4c4b-a2ab-b16385224aea,-0.6651433478404786
782,-0.7024760499561071,2,ba8145a3-7a93-46cf-ab38-ecd8ae91e035,-0.7325127900829207
783,-0.7024760499561071,1,e069a79c-e8d9-479e-83be-1d4c1b912c7a,-0.6651433478404786
784,-0.7028294679225358,1,dccb3e8d-5b6d-4d4f-a06a-ab7c31e1c7e3,-0.6651433478404786
785,-0.7031828858889644,1,1d43077a-7f4d-403e-ab17-50344b58c8f5,-0.6651433478404786
786,-0.7038897218218216,0,8ef9092f-7178-4478-a9c3-2bceb1a6de82,-0.755554261175424
787,-0.7042431397882503,1,3a252a8e-1e00-483b-a8c9-084421c1a29d,-0.6651433478404786
788,-0.7045965577546789,0,a7b9d979-62a6-468d-b58f-05ad875eefe5,-0.755554261175424
789,-0.7045965577546789,3,e3e16203-e28d-45dd-8394-b1f7c1f7b9bd,-0.5567382202432576
790,-0.7053033936875361,0,45e1a99a-f591-4a6b-b8a0-aaa2a26ad1f4,-0.755554261175424
791,-0.7056568116539648,0,3e8dc81c-1c71-4a0f-8c50-a8924fa337e2,-0.755554261175424
792,-0.7070704835196794,5,fe105ffb-8ff7-48ad-8c04-dd0e86f806f6,-0.5702914990284982
793,-0.7084841553853939,1,c5a53b17-3839-4147-8220-084304e76f26,-0.6651433478404786
794,-0.7091909913182511,0,8ce996db-0efc-43a6-b953-a96acb2b1af5,-0.755554261175424
795,-0.7098978272511085,5,7c6cec62-a496-435c-a48e-7cf59c90d374,-0.5702914990284982
796,-0.7102512452175371,1,fb90072d-3074-4193-8cc5-01d6eb12e5d9,-0.6651433478404786
797,-0.7106046631839658,4,9c9966b0-dfc3-4343-aa59-b61b2bdafa9a,-0.5956043846212273
798,-0.7113114991168229,0,6db6f95b-3332-402d-859d-f85e0c44716d,-0.755554261175424
799,-0.7120183350496803,0,5cc3a068-cf27-4ba8-8156-d19c6cf32730,-0.755554261175424
800,-0.7130785889489663,0,1c5c2122-3b10-4b25-8469-ba4d1ab46866,-0.755554261175424
801,-0.7130785889489663,2,478eedc8-430b-4160-9f84-9dee542663ac,-0.7325127900829207
802,-0.7134320069153949,0,eebdd521-65c1-4ed0-a95a-b6c00bb3310b,-0.755554261175424
803,-0.7144922608146808,0,392299cb-0c8e-40f2-8c6a-e29869f1cc22,-0.755554261175424
804,-0.715199096747538,0,503f861f-e333-415b-9316-899a89bd300a,-0.755554261175424
805,-0.7155525147139666,3,479a91ae-b9ea-4697-8324-c301c93b351f,-0.5567382202432576
806,-0.7162593506468239,5,2ba8c8ab-4ea1-4509-b7a5-b188976a1dc5,-0.5702914990284982
807,-0.7162593506468239,2,9e8d0af2-4975-4843-9beb-9e7afcf10a32,-0.7325127900829207
808,-0.7176730225125385,0,408539cf-01ec-460f-b303-649a730e21b2,-0.755554261175424
809,-0.7197935303111103,2,c2face3f-4111-4eaa-89ab-0b79af85d292,-0.7325127900829207
810,-0.720146948277539,4,5304dc14-19f9-4919-a180-174f6410496c,-0.5956043846212273
811,-0.7212072021768249,1,a2489a09-de17-4814-bc84-a126a3b0d570,-0.6651433478404786
812,-0.7212072021768249,1,c59c9cab-b1d1-4b63-bed1-1c238d891f36,-0.6651433478404786
813,-0.7215606201432535,1,b2e530cb-5874-43f2-9fe0-548fb2fb320e,-0.6651433478404786
814,-0.7240345459082541,1,1364d6b8-1bd6-4f17-9aac-3acf50007dc5,-0.6651433478404786
815,-0.7250947998075399,5,a62975ab-19f0-484f-93ac-3465f7b255dd,-0.5702914990284982
816,-0.7254482177739685,0,630ea237-cf8f-4a18-b1b3-f8467425e871,-0.755554261175424
817,-0.7254482177739685,1,7bb8b61b-e820-442b-a83f-ff758d341d3a,-0.6651433478404786
818,-0.7258016357403971,0,dda33f3d-a30a-41a2-9f8b-6f59affd5c7b,-0.755554261175424
819,-0.7258016357403971,0,de812ca5-68b2-4681-a165-d90256296c49,-0.755554261175424
820,-0.7261550537068258,0,1ab81830-41d3-4340-8db8-8baf62aae049,-0.755554261175424
821,-0.7261550537068258,1,a147133e-4ff8-4488-bfe1-7423b3b5458e,-0.6651433478404786
822,-0.7268618896396829,0,03bffee1-0b7e-41bb-bd15-b0eb146509ce,-0.755554261175424
823,-0.7272153076061117,0,9d75867c-db49-498b-a5cf-0f9b8003d2b5,-0.755554261175424
824,-0.7279221435389691,0,6a5978bb-524f-4dc9-a262-3dd92dbe8582,-0.755554261175424
825,-0.7286289794718263,5,6964c50a-8e7d-4e9b-808c-86e33dfd58d8,-0.5702914990284982
826,-0.7289823974382549,0,f69e6144-0e23-4ae1-8771-61d7b5eef585,-0.755554261175424
827,-0.7296892333711121,1,c90067f8-e308-4988-b936-b5023d74dd8f,-0.6651433478404786
828,-0.7300426513375408,0,fcf54619-bf49-49e9-a2bf-8f557e4c2d33,-0.755554261175424
829,-0.7311029052368268,0,b541c951-a5aa-43e0-9ce5-b6932a6f1066,-0.755554261175424
830,-0.7314563232032554,0,0cf8e2bd-33ad-4426-8e9e-49bbd2460e0e,-0.755554261175424
831,-0.7314563232032554,2,f50061bf-4480-42be-ba21-b91d2bc8dcc9,-0.7325127900829207
832,-0.7339302489682558,1,245096bb-4bf9-4a4d-b384-9b28c6cd638b,-0.6651433478404786
833,-0.7349905028675418,1,24d4e5f3-b16d-42c8-86ed-b860e13d82fd,-0.6651433478404786
834,-0.7353439208339704,0,d535ff59-0903-4415-a60b-747957a2e833,-0.755554261175424
835,-0.7360507567668276,1,6ce25f93-85bb-4a6c-9b00-e15273370acb,-0.6651433478404786
836,-0.7360507567668276,5,6e5c1f40-8598-4c29-9d6f-35149eff4a91,-0.5702914990284982
837,-0.7364041747332563,0,eeb6632c-4186-4b96-86fe-4c3f4999bfec,-0.755554261175424
838,-0.7367575926996849,4,ab80b7f3-9c40-445e-93fa-636be8a49741,-0.5956043846212273
839,-0.7371110106661135,0,8426ffd5-78bf-4e0a-943d-49359db020da,-0.755554261175424
840,-0.7381712645653995,4,9f245f53-359a-4f2c-8732-0f323bfc8a25,-0.5956043846212273
841,-0.7381712645653995,1,d9c9de69-7339-4538-bad9-372a866a293e,-0.6651433478404786
842,-0.7417054442296859,1,7b225ff0-2b87-4013-bde1-e13063cbb452,-0.6651433478404786
843,-0.7438259520282576,2,a6aaf14d-c7dc-42eb-87de-de331301a74d,-0.7325127900829207
844,-0.7452396238939722,0,70984ea6-7510-42f7-8db1-5ca17e7e5f71,-0.755554261175424
845,-0.7473601316925441,0,9f2ba3dc-7a43-4264-bc82-622e91e5c216,-0.755554261175424
846,-0.7494806394911159,0,070fdfb0-c4e8-4265-9078-3a2b57af5f54,-0.755554261175424
847,-0.7494806394911159,0,6fec44af-25c2-4acd-b1f4-9ba60123302e,-0.755554261175424
848,-0.7505408933904018,0,f7410286-f20a-49d4-bb11-6e943cb3011c,-0.755554261175424
849,-0.7508943113568304,0,0bf5b59d-a011-422f-90e9-faac0817e0ea,-0.755554261175424
850,-0.7523079832225451,0,51ac9eff-0738-4198-b06e-8295a154211b,-0.755554261175424
851,-0.7523079832225451,0,b0db9706-f0c6-4344-8dc2-d0dcdc946538,-0.755554261175424
852,-0.7537216550882595,4,c79cf95a-4a92-4930-8010-dacd7a818cf5,-0.5956043846212273
853,-0.7586695066182604,0,0795c12f-940b-43a8-9104-fb6c9308f55e,-0.755554261175424
854,-0.7590229245846891,0,75968646-bdcf-4a21-a555-650ec4b941bb,-0.755554261175424
855,-0.7590229245846891,1,df8ca5fd-43c7-4e85-8106-91c4fa456cf3,-0.6651433478404786
856,-0.7607900144168322,5,bd1af981-4aab-4f07-a046-51216394ceb5,-0.5702914990284982
857,-0.7618502683161181,0,6f48ef51-7c43-47d8-a6ad-ef884ef1f03b,-0.755554261175424
858,-0.7636173581482614,1,1e5836a1-ccd5-4d24-a0f9-dc45d7bcc64b,-0.6651433478404786
859,-0.7643241940811186,1,50fe9cc8-dbe3-4bbf-9f60-4329dd0087f7,-0.6651433478404786
860,-0.7682117917118336,0,773dd4ee-c7a0-417a-9a4f-bda33b9ed0f3,-0.755554261175424
861,-0.7689186276446909,3,363185a1-fcb9-410a-ae2e-0ad24b6ec991,-0.5567382202432576
862,-0.7696254635775482,0,1e56c1ec-3f72-42c3-8fd4-ecc603469196,-0.755554261175424
863,-0.7710391354432627,4,ab6ff3cc-18c2-48ab-94a9-2c7f593a3e31,-0.5956043846212273
864,-0.7713925534096914,0,57ccfa6d-dbee-4dfb-9a85-d28eddb210ad,-0.755554261175424
865,-0.7738664791746919,1,5a1f4008-4c12-4603-8c6d-f895e1e43c21,-0.6651433478404786
866,-0.7777540768054069,0,929e13e7-e96c-42a7-bf83-9ea6528ce308,-0.896292292316379
867,-0.7777540768054069,0,a9a34be7-6b29-4d96-96f6-c56952e7f0c4,-0.896292292316379
868,-0.7802280025704074,0,41896f59-8c9b-446f-8247-91836abdfb8b,-0.896292292316379
869,-0.7837621822346937,0,9e62e89c-5a1a-4d4e-ab3c-a650a03eafae,-0.896292292316379
870,-0.7837621822346937,0,dc8c85ef-e67f-42a6-a1a2-1499504c212d,-0.896292292316379
871,-0.7858826900332655,1,18352ec7-c2c6-4fe4-a7c0-31250dd44c0f,-0.8302663881394782
872,-0.7872963618989801,0,49ce0436-a8af-407f-a70e-e634dffd1160,-0.896292292316379
873,-0.7876497798654087,5,a541451d-26da-4870-a416-b8038ab0bfa9,-0.79332587063137
874,-0.7894168696975519,1,d3ddc6d9-c368-4af7-bf3f-4272b752c258,-0.8302663881394782
875,-0.7901237056304091,3,2efa8ac0-b42e-4fb1-be19-7f332e49bdc5,-0.7581504819599332
876,-0.7915373774961237,1,208a3a00-0507-4d0b-a113-4f998e32caa1,-0.8302663881394782
877,-0.7915373774961237,0,fe830c14-147a-4280-9fcf-472fa20c4e71,-0.896292292316379
878,-0.7929510493618382,0,5cac55d4-9368-40c7-94a4-125acb289bb8,-0.896292292316379
879,-0.7936578852946955,0,493498a8-a124-4761-8d5a-4040d91d8c74,-0.896292292316379
880,-0.7943647212275529,0,dc51e4aa-5750-4fe1-8b68-6b5e7c18bdea,-0.896292292316379
881,-0.7950715571604101,1,4715e12b-336f-49b0-b893-8b71ce8a7dd5,-0.8302663881394782
882,-0.8024933344554115,0,701db4c9-fa5e-40ae-ae8f-81343974070c,-0.896292292316379
883,-0.8039070063211259,3,f80eb453-95d9-4140-a682-619290f5a043,-0.7581504819599332
884,-0.8081480219182696,5,01815ab5-917f-416a-a007-a315680faeac,-0.79332587063137
885,-0.812742455481842,5,9f4c712f-92c2-40cb-a2bb-3f6932bcc786,-0.79332587063137
886,-0.8134492914146992,5,e80bec5b-8a36-43c4-8670-1014a87eb6e1,-0.79332587063137
887,-0.8145095453139851,0,0b27cb57-17a9-45e1-aead-8a15a4c4fe40,-0.896292292316379
888,-0.8148629632804137,0,ff79646c-b5ec-4f01-87f8-c0b05bb31a69,-0.896292292316379
889,-0.8198108148104147,1,c16a3a3d-db2b-4649-b859-384922764db4,-0.8302663881394782
890,-0.8201642327768434,0,52d42b83-11e6-4525-9fd4-57454c3ce8e8,-0.896292292316379
891,-0.8208710687097006,0,8ccd82bb-0d01-4de6-9a8d-3590a5a43079,-0.896292292316379
892,-0.8219313226089865,1,73148763-7433-49b9-90fe-d676f84e5f22,-0.8302663881394782
893,-0.8226381585418439,0,da783fe9-9df4-4afd-9882-e8f02267defa,-0.896292292316379
894,-0.8240518304075584,1,76095942-1a38-4e1e-8570-55bbc63d24dd,-0.8302663881394782
895,-0.8254655022732729,0,dde5ad58-75f3-4dea-9cbd-89049d91d026,-0.896292292316379
896,-0.8272325921054161,0,bfb33dd3-80e2-4d55-bf78-e544e2833b05,-0.896292292316379
897,-0.8275860100718447,0,8ca10c2e-c8ac-48f6-8c05-0167024d82bc,-0.896292292316379
898,-0.8300599358368452,0,58cda9d6-b3b2-4807-a047-e84d5cf6a4e2,-0.896292292316379
899,-0.8300599358368452,0,fd511069-23f6-4893-a43c-55da95388ec7,-0.896292292316379
900,-0.8311201897361311,2,a69321aa-25a2-493a-bd0b-c31c55e69023,-0.8742717506390334
901,-0.8318270256689884,1,e632f505-c8fb-4bed-9a96-6a928d720a33,-0.8302663881394782
902,-0.8321804436354169,1,378d73e4-8529-4696-9335-0556f3005b17,-0.8302663881394782
903,-0.833240697534703,1,3127abb6-0215-4e0e-97cb-ff71e0a64090,-0.8302663881394782
904,-0.833240697534703,1,95b486e5-2990-4267-ac1e-a385a8149cc6,-0.8302663881394782
905,-0.8339475334675602,1,e89bf27f-f6aa-40d4-a194-49e9cb233828,-0.8302663881394782
906,-0.8364214592325606,1,0a4bfe10-6449-47d7-9f8b-47ad39f9c03c,-0.8302663881394782
907,-0.8410158927961329,3,1dcecad9-c910-4740-bf43-61918db0348a,-0.7581504819599332
908,-0.8410158927961329,0,fb04bf92-e8e8-4d35-a3f0-1c4c74d56919,-0.896292292316379
909,-0.8420761466954189,3,647bd26f-2831-4112-a164-b605d10662ee,-0.7581504819599332
910,-0.8445500724604194,0,5024567d-9310-4403-95f5-ee5426c4e704,-0.896292292316379
911,-0.8449034904268481,1,2ef44342-1c72-40de-aadb-521e9d19f148,-0.8302663881394782
912,-0.8452569083932766,0,9a61ad93-24d1-4d05-b6d7-205df1658a5c,-0.896292292316379
913,-0.8473774161918485,5,c56e4af8-5586-4a81-8ef4-b632b92732e9,-0.79332587063137
914,-0.8480842521247057,3,8f0e9911-c234-4113-b918-c8bf0e2c816f,-0.7581504819599332
915,-0.8509115958561349,1,fe4317a6-8976-4b93-8cd8-679dd3a8932f,-0.8302663881394782
916,-0.8516184317889921,0,543e7d88-860b-48aa-868b-633a540fd225,-0.896292292316379
917,-0.8576265372182789,1,965ea751-1b75-49f8-9fdb-a2ad739eae25,-0.8302663881394782
918,-0.8622209707818512,5,87420755-6f00-4937-b0b4-fb1bdcc0708d,-0.79332587063137
919,-0.8625743887482799,0,790839cd-553a-483e-9266-5fce21fc7bf9,-0.896292292316379
920,-0.8646948965468516,5,3a98efe0-fd25-4ff5-b1c8-6644db3acd42,-0.79332587063137
921,-0.8742371816404249,5,2ec0ff8a-7cf4-4e01-88fe-3eb25db9053a,-0.79332587063137
922,-0.8745905996068535,0,6bca6e5a-6901-47fa-9879-ce4ef9181010,-1.0135397781447937
923,-0.8756508535061394,0,c3a40b8c-ba62-45f6-bd86-5d7446085594,-1.0135397781447937
924,-0.8763576894389967,0,07e2a925-8a0d-4146-89f8-f4b8148d579b,-1.0135397781447937
925,-0.8781247792711399,1,1390be5a-ab32-4d9e-944a-526208d178db,-0.9593084087886194
926,-0.8795384511368545,4,f4bf0cde-9718-49f4-ab7d-0db724b2bd33,-0.9044947944804198
927,-0.8816589589354262,4,9fa0aacc-1977-477c-b116-7b36847c1b70,-0.9044947944804198
928,-0.8834260487675695,2,21be2694-e50b-48dc-b757-862be01525b0,-0.9887986594507677
929,-0.8858999745325699,0,f673983a-9720-4e1f-9629-a38a9c3fdaa5,-1.0135397781447937
930,-0.8862533924989985,0,93c3528a-0b86-4e38-879f-c88cf84e9665,-1.0135397781447937
931,-0.8890807362304276,2,57891bec-bf29-43f6-a61d-b7a56581e558,-0.9887986594507677
932,-0.8908478260625708,1,a4396e0f-6650-45ae-84f6-6f878f8c8d0d,-0.9593084087886194
933,-0.8915546619954281,0,935cf456-7f7b-4d1a-ba59-50ddd74b3381,-1.0135397781447937
934,-0.8922614979282854,1,c4239fb2-5a74-44a9-98c4-e80cfc81d6a4,-0.9593084087886194
935,-0.8926149158947142,0,1ed8feb9-6550-44af-b17e-85baf7823f58,-1.0135397781447937
936,-0.893675169794,1,f9c6cda8-c387-4d47-b334-561471faf81c,-0.9593084087886194
937,-0.8957956775925717,4,2e7da03c-2cf0-45d5-b3d6-fd8c84b7d71d,-0.9044947944804198
938,-0.8972093494582863,1,140b3973-741b-4bfb-b6c6-5fb3b7675b65,-0.9593084087886194
939,-0.8989764392904295,5,aeec9f87-5e84-4fbe-9fd5-d6eea23e923e,-0.9641960975882213
940,-0.9021572009882872,2,1a923be8-5c89-420d-be3c-882730d12a9d,-0.9887986594507677
941,-0.9025106189547158,0,262a5f81-912e-4a21-899f-95d069e36fb3,-1.0135397781447937
942,-0.9035708728540016,0,118781af-6cff-4e05-8002-9b22d31ae01c,-1.0135397781447937
943,-0.9035708728540016,0,7f957492-35b3-4903-814c-c1385dc99878,-1.0135397781447937
944,-0.9035708728540016,0,e01c12ed-5009-4228-84a4-a628ca6a0f5b,-1.0135397781447937
945,-0.9056913806525736,0,18d1cb41-ff58-42b8-a610-9a37a3e02cdf,-1.0135397781447937
946,-0.9063982165854308,0,59ec0753-9bcc-47a7-9175-55d349b72c65,-1.0135397781447937
947,-0.9088721423504312,2,b3686953-ecb5-45ff-a776-e8697ebd4956,-0.9887986594507677
948,-0.9099323962497172,0,c7eb2a6c-a7ad-4dcd-8b66-fa288c73e95e,-1.0135397781447937
949,-0.9106392321825744,0,633f671e-82b5-4969-9d7a-03bd8cafb890,-1.0135397781447937
950,-0.9113460681154318,0,58b75ee0-bded-4852-8979-7b6fa514f79f,-1.0135397781447937
951,-0.9124063220147176,0,b5f7e454-07dc-4c0c-ae49-4984a97dac57,-1.0135397781447937
952,-0.9127597399811463,0,86afaa9e-b2bb-4c2b-92b6-2bf41116bf43,-1.0135397781447937
953,-0.9141734118468609,0,29fbebcf-b77a-4d69-9c89-c91adc671b66,-1.0135397781447937
954,-0.9145268298132896,0,b1b7ad0d-80cc-4254-b308-39561fedb941,-1.0135397781447937
955,-0.9152336657461468,0,7e9c3d82-d02e-444a-9eb7-3268efe11304,-1.0135397781447937
956,-0.9173541735447186,0,ff8f694a-82e1-412c-a9e4-9919af2a9dbf,-1.0135397781447937
957,-0.9184144274440046,0,31fcd65e-3290-4c1a-b8ef-f85d0f9de77e,-1.0135397781447937
958,-0.9191212633768618,1,790a5e9a-850c-4c62-9657-f2b98f766e3e,-0.9593084087886194
959,-0.9205349352425763,1,47aba415-be29-4b4a-8a6d-09955189f3d8,-0.9593084087886194
960,-0.9215951891418622,3,955242bf-0277-4fee-b532-b476e83a2b24,-0.9247947720697772
961,-0.925836204739006,4,2fe97178-137d-4adb-9ca8-7979f57ff08e,-0.9044947944804198
962,-0.9265430406718632,1,97db18d2-258f-4d3d-a365-84643d78387c,-0.9593084087886194
963,-0.928663548470435,0,bb8e044b-e324-4d0a-9a81-b988e144666b,-1.0135397781447937
964,-0.9290169664368636,1,2ca02a17-ff9d-44b2-9c28-0ba61de5bdd1,-0.9593084087886194
965,-0.9290169664368636,3,4ff57a2e-f71d-4b57-a122-70b59d39d602,-0.9247947720697772
966,-0.9300772203361496,0,ea4918fd-275d-4c7f-8380-45fc9e1ac322,-1.0135397781447937
967,-0.9339648179668646,0,b377c984-0c9b-4338-afad-507852ea807c,-1.0135397781447937
968,-0.9343182359332932,0,405a2f3b-9a62-44cd-a75b-933788fc1f12,-1.0135397781447937
969,-0.9353784898325792,0,eb2a157d-4157-41ce-8a6d-369febb4ca61,-1.0135397781447937
970,-0.9389126694968656,1,0da771c0-a45d-4737-987f-f1f70f1142a8,-0.9593084087886194
971,-0.939266087463294,0,31a609c9-6863-486e-9b16-8ee7f1462454,-1.0135397781447937
972,-0.941386595261866,2,a7c74ee5-2df7-44df-a1e1-6434693fd69b,-0.9887986594507677
973,-0.9445673569597236,1,77551b83-b12d-4565-bfd0-fde2f21c63be,-0.9593084087886194
974,-0.9466878647582956,1,b47e9563-89d8-4fdb-9a22-76249fb753e9,-0.9593084087886194
975,-0.9512822983218678,5,98dcbf0d-2c4f-4ef2-a859-3372e4aaf532,-0.9641960975882213
976,-0.953049388154011,3,f2994a41-1cfa-4178-8167-f2bf5367ef2f,-0.9247947720697772
977,-0.9537562240868684,0,5f19a069-1a2e-4695-816a-f4609a75ca14,-1.0135397781447937
978,-0.9544630600197256,2,6d17cdb4-974f-4dd2-9d6a-dd605cd98782,-0.9887986594507677
979,-0.9753147200390152,0,c2c8f8e2-17b6-4c83-998b-74af211b4e67,-1.0742717506390334
980,-0.9795557356361588,1,76a41f63-3464-4e86-bff2-ddcd2f00b35a,-1.0742717506390336
981,-0.9905116925954466,0,e5f64a35-79c9-4ec8-b0c3-3259958309e3,-1.0742717506390334
982,-0.9989937237897338,0,be46d4d0-6da5-4401-b660-48909079aa42,-1.0742717506390334
983,-1.001821067521163,3,b8b9ff31-0906-4831-8462-07659b49560f,-1.052356507324518
984,-1.0042949932861631,5,2f588566-7c55-4609-bc79-c88f4e134d0b,-1.0450157199401064
985,-1.0060620831183067,5,39fd4c0e-c11b-44e0-a670-39b3209ccb83,-1.0450157199401064
986,-1.0092428448161643,1,4c92e94a-ddb9-4ca0-9e58-4acffb70a263,-1.0742717506390336
987,-1.0103030987154502,1,6700c2c3-d453-4813-88bd-5b1092e5bf04,-1.0742717506390336
988,-1.0113633526147359,0,d6b0df9c-8b6f-4686-a3e0-2f17ef511ad9,-1.0742717506390334
989,-1.0148975322790226,1,ccbb4e89-2fe7-4434-8f30-d9e8837516ca,-1.0742717506390336
990,-1.0201988017754522,5,03c4e850-57b7-4a92-8c81-ac5256799083,-1.0450157199401064
991,-1.0237329814397385,4,f92bac40-7861-4561-ae70-d9ebf2101f89,-1.0742717506390336
992,-1.0311547587347398,0,00239579-f409-4d16-a26c-85d22b43363f,-1.0742717506390334
993,-1.0346889383990263,1,5d9d5c9c-318f-45e9-a322-267c30804a54,-1.0742717506390336
994,-1.0396367899290269,0,817bf343-f9d1-417a-9d40-dc000d512277,-1.0742717506390334
995,-1.0414038797611704,1,a6326af8-584f-4d99-a204-bf0401bc8af7,-1.0742717506390336
996,-1.0421107156940277,0,6ab20b89-3eb1-4217-b181-3ba7e40da225,-1.0742717506390334
997,-1.063315793679746,3,a5d57ae8-9822-4745-b002-3e863a4f7e65,-1.052356507324518
998,-1.0742717506390336,1,972dddbd-8528-47c7-a1a6-ad24f8799dc2,0.0
